DateTime,TweetId,Text,ReplyCount,RetweetCount,LikeCount
2023-03-21 20:56:55+00:00,1638283569326968856,VGhlIExlZnQgc2F5cyB0aGV5IOKAnGRvbuKAmXQgbmVlZCBicm93biBmYWNlcyB0aGF0IGRvbuKAmXQgd2FudCB0byBiZSBhIGJyb3duIHZvaWNlLuKAnSBEb27igJl0IGp1c3QgdGFrZSBpdCBmcm9tIG1lLiBUaGF04oCZcyBhIGRpcmVjdCBxdW90ZSBmcm9tIEBSZXBQcmVzc2xleS4=,39,239,999
2023-03-21 20:17:44+00:00,1638273707306098688,QmlkZW4gc2FpZCBoaXMgZmlyc3QgdmV0byB3YXMgYWJvdXQgcHJvdGVjdGluZyB5b3VyIHJldGlyZW1lbnQgZG9sbGFycy4gVGhhdOKAmXMgYSBsaWUuIEhlIHdhbnRzIHRvIHVzZSAqeW91ciogcmV0aXJlbWVudCAkJCQgdG8gYWR2YW5jZSBoaXMgb3duIHBvbGl0aWNhbCBhZ2VuZGFzLiBEb27igJl0IGZhbGwgZm9yIHRoZSB0cmljay4gaHR0cHM6Ly90LmNvL0F0NmVHRlRrU1U=,243,3204,11137
2023-03-21 20:05:41+00:00,1638270675919032335,VGhlIGNsaW1hdGUgY3VsdCBzaGFja2xlcyB0aGUgVS5TLiBlY29ub215IHdoaWxlIGxlYXZpbmcgQ2hpbmEgdW50b3VjaGVkICZhbXA7IGRlY3JpZXMgY2FyYm9uIGVtaXNzaW9ucyB3aGlsZSBzaHVubmluZyBudWNsZWFyIGVuZXJneS4gSSB3aWxsIGxpYmVyYXRlIEFtZXJpY2EgZnJvbSB0aGUgY2xpbWF0ZSBjdWx0LiBJJ2xsIGRvIGl0IHdpdGhvdXQgYXBvbG9neS4gaHR0cHM6Ly90LmNvL0x4U3FPdXJRQXA=,89,653,2758
2023-03-21 19:01:34+00:00,1638254539156385792,SSBjaGFsbGVuZ2UgZXZlcnkgR09QIGNhbmRpZGF0ZSB0byBqb2luIG1lIGluIHNvbWUgZWFzeSBjb21taXRtZW50czoKCi0gRW5kIGFmZmlybWF0aXZlIGFjdGlvbgotIEFiYW5kb24gY2xpbWF0ZSByZWxpZ2lvbgotIFRvdGFsIGRlY291cGxpbmcgZnJvbSBDaGluYQotIDgteWVhciBsaW1pdHMgZm9yIGFsbCBmZWRlcmFsIGJ1cmVhdWNyYXRzCi0gU2F5IE5PIHRvIGNlbnRyYWwgYmFuayBkaWdpdGFsIGN1cnJlbmNpZXMKLSBSZWxlYXNlIHRoZSDigJxzdGF0ZSBhY3Rpb27igJ0gZmlsZXMgaHR0cHM6Ly90LmNvLzdaYkF3N0ZUUzA=,412,2042,9910
2023-03-21 16:30:05+00:00,1638216419253821443,RW5kIHRoZSBwZXJtYW5lbnQgc3RhdGUuIEFzIFByZXNpZGVudCwgSSB3aWxsIHJlcGVhbCBjaXZpbC1zZXJ2aWNlIHByb3RlY3Rpb25zIGZvciBmZWRlcmFsIGVtcGxveWVlcyBhbmQgcmVwbGFjZSB0aGVzZSBtYW5hZ2VyaWFsIHByb3RlY3Rpb25zIHdpdGggc3Vuc2V0IGNsYXVzZXMuIElmIHRoZSBQcmVzaWRlbnQgY2Fu4oCZdCBob2xkIGhpcyBwb3NpdGlvbiBmb3IgbW9yZSB0aGFuIDggeWVhcnMsIG5laXRoZXIgc2hvdWxkIGJ1cmVhdWNyYXRzLiBodHRwczovL3QuY28vcG4yakpQZ2w5RQ==,214,948,4422
2023-03-21 15:27:12+00:00,1638200595075981312,VmFuZ3VhcmQgaXMgcXVpZXRseSBnZXR0aW5nIG91dCBvZiBDaGluYSwgd2hlbiB0aGUgcmlza3MgZmluYWxseSBiZWNhbWUgdW50ZW5hYmxlLiBJ4oCZbSBwcm91ZCBhcyBjby1mb3VuZGVyIHRoYXQgU3RyaXZlIGNvbW1pdHRlZCBzaW5jZSBEYXkgMSAqbm90KiB0byBkbyBidXNpbmVzcyBpbiBDaGluYS4gV2UgbmVlZCBtb3JlIGxlYWRlcnMsIG5vdCBmb2xsb3dlcnMgLSBib3RoIGluIHRoZSBwcml2YXRlIHNlY3RvciAmYW1wOyBpbiBnb3Zlcm5tZW50LgoKaHR0cHM6Ly90LmNvLzQwNXdIZEh0VDc=,50,369,1832
2023-03-21 14:58:44+00:00,1638193431120936963,VGhlIG1vcmUgYm9yaW5nIGEgdGVybSBzb3VuZHMsIHRoZSBtb3JlIGltcG9ydGFudCBpdCBwcm9iYWJseSBpcyBmb3IgeW91IHRvIGtub3cgd2hhdCBpdCBhY3R1YWxseSBtZWFucy4KCuKAnEVTRy7igJ0g4oCcREVJLuKAnSDigJxTY29wZSAzIEVtaXNzaW9ucyBDYXAu4oCdCgpJZiBpdCBwdXRzIHlvdSB0byBzbGVlcCwgdGhhdOKAmXMgYnkgZGVzaWduLiBodHRwczovL3QuY28vWUd4dmx5VUF1Uw==,62,671,2326
2023-03-21 14:16:32+00:00,1638182808991481859,V2hhdCBkb2VzIGl0IG1lYW4gdG8gYmUgYW4gQW1lcmljYW4gaW4gdGhlIHllYXIgMjAyMz8gV2UgaHVuZ2VyIGZvciBwdXJwb3NlIHlldCBjYW5ub3QgYW5zd2VyIHdoYXQgaXQgbWVhbnMgdG8gYmUgYW4gQW1lcmljYW4uIFdlIGxvbmcgZm9yIHRoYXQgYW5zd2VyLiBUaGF04oCZcyB3aHkgSeKAmW0gcnVubmluZyBmb3IgUHJlc2lkZW50LiBodHRwczovL3QuY28vMDg5UFRhUGtoeA==,109,302,1575
2023-03-21 13:24:22+00:00,1638169683231735809,VGhlIHBhdGggdG8gbmF0aW9uYWwgdW5pdHkgcnVucyB0aHJvdWdoIGZyZWUgc3BlZWNoIGl0c2VsZjogaWYgd2Ugc3RhcnQgdGFsa2luZyBvcGVubHkgYWdhaW4sIHdlIHdpbGwgZGlzY292ZXIgdGhhdCBtb3N0IG9mIHVzIC0gbm90IGFsbCBvZiB1cywgYnV0ICptb3N0KiBvZiB1cyAtIHN0aWxsIHNoYXJlIHRoZSBpZGVhbHMgdGhhdCBzZXQgdXMgaW4gbW90aW9uIDI1MCB5ZWFycyBhZ28uIGh0dHBzOi8vdC5jby93czNsZ0V6TWt5,101,398,2037
2023-03-21 01:24:18+00:00,1637988472551100427,VGhlIEZlZCBoYXMgdHJpZWQgdG8gcGxheSBHb2Qgd2l0aCBhIGZhdCBmaW5nZXIgZm9yIHRoZSBsYXN0IDI1IHllYXJzICZhbXA7IGZhaWxlZCBtaXNlcmFibHkuIFlvdSBjYW7igJl0IGhpdCB0d28gdGFyZ2V0cyAtIGluZmxhdGlvbiAmYW1wOyB1bmVtcGxveW1lbnQgLSB3aXRoIG9uZSBhcnJvdy4gVGltZSB0byBnbyBiYWNrIHRvIGZvY3VzaW5nIHRoZSBGZWQgb24gc3RhYmlsaXppbmcgdGhlIGRvbGxhciwgcGVyaW9kLiBJZiBlbGVjdGVkLCBJIHdpbGwu,51,224,1173
2023-03-21 01:00:27+00:00,1637982470615252992,V2XigJlyZSBtYWRlIHRvIGZlZWwgZXh0cmVtaXN0IGZvciB0aGUgdGhpbmdzIG1vc3QgQW1lcmljYW5zIGhhdmUgYWx3YXlzIGJlbGlldmVkLiBNYXliZSB0aGF04oCZcyBiZWNhdXNlIEFtZXJpY2EgaXRzZWxmIHdhcyBhIHJhZGljYWwgaWRlYS4gV2UgYWx3YXlzIGhhdmUgYmVlbiwgc2luY2UgMTc3Ni4gTGV04oCZcyBvd24gaXQu,138,817,4962
2023-03-21 00:38:48+00:00,1637977018968031234,SGVyZeKAmXMgdGhlIGRpcnR5IGxpdHRsZSBzZWNyZXQgYWJvdXQgQmlkZW7igJlzIG5ldyBFU0cgcnVsZTogdGhlICpkcmFmdCogcnVsZSBoYWQgYSBkaXNjbG9zdXJlIHJlcXVpcmVtZW50IHRvIHJldGlyZWVzIGlmIGZ1bmQgbWFuYWdlciB1c2VzIHRoZWlyIGRvbGxhcnMgdG8gYWR2YW5jZSBFU0cgZ29hbHMuIEJ1dCB0aGUgZGlzY2xvc3VyZSByZXF1aXJlbWVudCBkaXNhcHBlYXJlZCBpbiB0aGUgKmZpbmFsKiBydWxlIHRoYXQgdGhleSBhZG9wdGVkOiB0aGV5IHNhaWQgZGlzY2xvc3VyZeKApiBodHRwczovL3QuY28vbzJ4RzQyN3M3OQ==,132,2487,7543
2023-03-21 00:23:25+00:00,1637973150779449344,SeKAmWxsIGtlZXAgc3BlYWtpbmcgdHJ1dGguIFdl4oCZbGwgZmluZCBvdXQgd2hldGhlciB0aGF04oCZcyBhIHdpbm5pbmcgcG9saXRpY2FsIGZvcm11bGEgb3Igbm90Lg==,311,869,7612
2023-03-21 00:08:28+00:00,1637969386521673733,RVNHIGV2YW5nZWxpc3RzIGxpZWQgZm9yIGEgdmVyeSBsb25nIHRpbWUgY2xhaW1pbmcgdGhhdCBFU0cgd2FzbuKAmXQgYWJvdXQgcG9saXRpY3MgYnV0IGp1c3Qg4oCcbG9uZyBydW4gaW52ZXN0bWVudCByZXR1cm4u4oCdIE5vdyB0aGF0IEVTRyBmdW5kcyBiYWRseSB1bmRlcnBlcmZvcm1lZCwgQmlkZW4gY2FtZSB0byB0aGUgcmVzY3VlIGJ5IGNvZGlmeWluZyBpdCBpbiB0aGUgcmV0aXJlbWVudCBmdW5kIHJ1bGVzLiBUaGlzIGlzIGJhZCBmb3IgY2FwaXRhbGlzbSAmYW1wOyBiYWQgZm9yIGRlbW9jcmFjeS4=,63,970,3352
2023-03-20 23:15:26+00:00,1637956040057581569,VGhpcyBpcyBhIGRlZXBseSBkaXNob25lc3QgZnJhbWluZyBvZiB3aGF0IEJpZGVuIGRpZCB0b2RheS4gQmVmb3JlIEJpZGVu4oCZcyBEZXB0IG9mIExhYm9yIHJ1bGUgY2hhbmdlLCByZXRpcmVtZW50IGZ1bmQgbWFuYWdlcnMgY291bGQgY29uc2lkZXIgKm9ubHkqIGludmVzdG1lbnQgcmV0dXJucy4gTm93LCBCaWRlbiBwZXJtaXRzIHRoZW0gdG8gdGFrZSBpbnRvIGFjY291bnQg4oCcY29sbGF0ZXJhbCBiZW5lZml0cyBvdGhlciB0aGFuIGludmVzdG1lbnQgcmV0dXJu4oCdIGluY2x1ZGluZ+KApg==,1532,7632,27990
2023-03-20 23:06:55+00:00,1637953897498066944,SeKAmWxsIGRpc2N1c3MgdGhpcyBCaWRlbiBwb2xpY3kgZGlzYXN0ZXIgb24gQExhc3RDYWxsQ05CQyBpbiAxMCBtaW51dGVzLg==,8,51,325
2023-03-20 22:33:18+00:00,1637945436672491527,SeKAmWxsIGJlIG9uIEBMYXN0Q2FsbENOQkMgYXQgNzoxNXBtIGZvciBnbG92ZXMtb2ZmIGRlYmF0ZS4gQSBUcnVtcCBpbmRpY3RtZW50IHdvdWxkIGJlIGEgbmF0aW9uYWwgZGlzYXN0ZXIuIEnigJltIGNhbGxpbmcgb24gYW55IHByaW5jaXBsZWQgbGliZXJhbHMgb3V0IHRoZXJlIHRvIGNvbmRlbW4gcG9saXRpY2l6ZWQgcHJvc2VjdXRpb24uIFdlIGRvIG5vdCB3YW50IGEgbmF0aW9uYWwgZGl2b3JjZS4gSG9wZSB0aGF04oCZcyBzb21ldGhpbmcgd2UgY2FuIHN0aWxsIHVuaXRlIGFyb3VuZC4g8J+HuvCfh7g=,62,151,748
2023-03-20 21:16:48+00:00,1637926185052041217,V2XigJlyZSBpbiBhIGNvLWRlcGVuZGVudCByZWxhdGlvbnNoaXAgd2l0aCBDaGluYS4gSXQgd2lsbCBub3QgZW5kIHdlbGwuIFRoZSBvbmx5IHF1ZXN0aW9uIGlzIHdobyBlbmRzIGl0IGZpcnN0LiBUaGUgc29vbmVyIHdlIGRvLCB0aGUgYmV0dGVyIGZvciB1czogd2UgYXJlIGxpdGVyYWxseSBkZXBlbmRlbnQgb24gb3VyIGVuZW15IGZvciBvdXIgbW9kZXJuIHdheSBvZiBsaWZlLiBodHRwczovL3QuY28vanFySlNWZERUMA==,44,163,824
2023-03-20 19:25:21+00:00,1637898139742142464,SSBoYXZlIG5vIGNvbXBsYWludHMgYWJvdXQgaGltIGFkb3B0aW5nIGdvb2QgaWRlYXMsIGV2ZW4gaWYgdGhleeKAmXJlIG1pbmUuIFRoYXTigJlzIGdvb2QgZm9yIEFtZXJpY2EuIE15IHByb2JsZW0gaXMgc3RheWluZyBzZWxlY3RpdmVseSBzaWxlbnQgd2hlbiBpdOKAmXMgcG9saXRpY2FsbHkgY29udmVuaWVudC4=,42,198,1076
2023-03-20 19:10:06+00:00,1637894301861437441,VGhlIExlZnQgY2xhaW1zIFJlcHVibGljYW5zIGNhbid0IGRlZmluZSAnIndva2UuIiBXZWxsLCBob3cncyB0aGlzPwpATVNOQkMgQGpycHNha2kgQGpveWFubnJlaWQgaHR0cHM6Ly90LmNvLzFGUm5PemlCa1Y=,1377,3776,13456
2023-03-20 18:24:32+00:00,1637882832591659022,VGhlIGxlZnQgc2F5cyBpdCB3YW50cyBjb25zZXJ2YXRpdmVzIHRvIGRlZmluZSDigJx3b2tlLuKAnSBXZWxsLCBoZXJlIHdlIGdvIHdpdGggc29tZSBleGFtcGxlcy4gVXNpbmcgcmFjZSBhcyB0aGUgYmFzaXMgZm9yIGdpdmluZyBhd2F5IGdvdmVybm1lbnQgJCQgaXMg4oCcd29rZS7igJ0=,104,220,1230
2023-03-20 17:17:50+00:00,1637866045904936969,LkBqcnBzYWtpIGRpZCBhbiBlbnRpcmUgc2VnbWVudCBvbiB0aGUgZmFjdCB0aGF0IGNvbnNlcnZhdGl2ZXMgY2Fu4oCZdCBkZWZpbmUg4oCcd29rZS7igJ0gVG90YWxseSBmYWxzZS4gSSB3cm90ZSBhbiBlbnRpcmUgYm9vayBhYm91dCBpdCAmYW1wOyBoYXZlIGJlZW4gdGFycmVkIGJ5IGxlZnQtd2luZyBwcmVzcyBmb3IgcHJlY2lzZWx5IHRoYXQuIElmIHNoZSByZWFsbHkgY2FyZXMgYWJvdXQgZW5nYWdpbmcgaW4gb3BlbiBkZWJhdGUsIEkgY2hhbGxlbmdlIGhlciB0byBkbyBpdCAmYW1wOyB3aWxsIGVuZ2FnZS4=,83,291,1437
2023-03-20 17:03:02+00:00,1637862323065872388,VGhlIHBlb3BsZSB3ZSBlbGVjdCB0byBydW4gdGhlIGdvdmVybm1lbnQgc2hvdWxkIGJlIHRoZSBvbmVzIHdobyAqYWN0dWFsbHkqIHJ1biB0aGUgZ292ZXJubWVudC4gVGhhdOKAmXMgd2h5IEnigJlsbCBzaHV0IGRvd24gdGhlIFUuUy4gRGVwdCBvZiBFZHVjYXRpb24uIFRoYXTigJlzIHdoeSBJ4oCZbGwgc2h1dCBkb3duIHRoZSBGQkkuIFRoYXTigJlzIHdoeSBJ4oCZbGwgcmVkdWNlIGhlYWRjb3VudCBhdCB0aGUgVS5TLiBGZWQgYnkgJmd0OzkwJS4gQW5kIHRoYXTigJlzIGp1c3QgdGhlIGJlZ2lubmluZy4gaHR0cHM6Ly90LmNvL3JMVmhKME5Va00=,147,444,2055
2023-03-20 15:59:26+00:00,1637846316205195267,SSBhbSB0aGUgZmlyc3QgcHJlc2lkZW50aWFsIGNhbmRpZGF0ZSBpbiBVLlMuIGhpc3RvcnkgdG8gcGxlZGdlIHRvIGRvIHdoYXQgYSBVLlMuIFByZXNpZGVudCBjYW4gYWN0dWFsbHkgZG86IGVuZCBBZmZpcm1hdGl2ZSBBY3Rpb24uIEnigJlsbCBkbyBpdCB3aXRob3V0IGFwb2xvZ3kuIGh0dHBzOi8vdC5jby9mY3MzR21UNjh4,205,626,4548
2023-03-20 14:13:17+00:00,1637819602150326273,SSBzYXkgdGhpcyBhcyB0aGUga2lkIG9mIGltbWlncmFudHM6IHlvdXIgZmlyc3QgYWN0IG9mIGVudGVyaW5nIHRoaXMgY291bnRyeSBjYW5ub3QgYmUgYSBsYXdicmVha2luZyBvbmUuIFRoYXTigJlzIG5vdCByYWNpc3QuIFRoYXTigJlzIG5vdCB4ZW5vcGhvYmljLiBEbyBub3QgYXBvbG9naXplIGZvciBpdC4gaHR0cHM6Ly90LmNvL0hHa3lvUFI0SXo=,64,635,3068
2023-03-20 12:01:37+00:00,1637786467781992448,Q2FsbCBpdCB3aGF0IGlzLiBOb3QganVzdCDigJxiaWcgdGVjaCBjZW5zb3JzaGlwLuKAnSBJdOKAmXMgZ292ZXJubWVudC10ZWNoIGNlbnNvcnNoaXAuIGh0dHBzOi8vdC5jby9UZmlJbmdaMmZN,35,219,1147
2023-03-20 11:46:13+00:00,1637782595600539649,TGVmdC13aW5nIG1lZGlhIHNheXMgY29uc2VydmF0aXZlcyBjYW7igJl0IGRlZmluZSDigJx3b2tlLuKAnSBUaGF04oCZcyBmYWxzZS4gSeKAmXZlIGRvbmUgaXQgY291bnRsZXNzIHRpbWVzLCBidXQgdGhleSBzZWxlY3RpdmVseSBpZ25vcmUgaXQuCgpIZXJl4oCZcyBteSBjaGFsbGVuZ2UgdG8gdGhlIExlZnQ6IGRlZmluZSDigJxtZXJpdC7igJ0gVGhlaXIgc2lsZW5jZSBpcyBkZWFmZW5pbmcuIFdva2VuZXNzIGlzIHRoZWlyIG1vc3QgcG90ZW50IHdlYXBvbiBpbiB0aGUgYXNzYXVsdCBvbiBleGNlbGxlbmNlLg==,234,507,2251
2023-03-20 02:09:10+00:00,1637637374308958214,SSBkb27igJl0IGNhcmUgaWYgeW914oCZcmUgYmxhY2ssIHdoaXRlLCByZWQsIG9yIGJsdWUuIElmIHlvdSBiZWxpZXZlIGluIHRoZSBpZGVhbHMgdGhhdCBiaW5kIHVzIHRvZ2V0aGVyIGFzIEFtZXJpY2FucyAmYW1wOyB5b3XigJlyZSB3aWxsaW5nIHRvIGZpZ2h0IGZvciB0aGVtLCB0aGVuIHdlIHdpbGwgZmlnaHQgZm9yIGl0IHRvZ2V0aGVyLiBodHRwczovL3QuY28vMnZXbXhtNE1VMA==,172,706,5618
2023-03-20 01:39:10+00:00,1637629824918323201,V2hlbiB3ZeKAmXJlIGxvc3QgaW4gdGhlIGRlc2VydCwgd2UgYmVuZCB0aGUga25lZSB0byBhdXRob3JpdHkuIEVuam95ZWQgbXkgdGltZSB3aXRoIFBhc3RvciBMZW9uIGF0IFJvY2sgSGlsbCBCYXB0aXN0IENodXJjaCBpbiBTb3V0aCBDYXJvbGluYSB0b2RheS4=,32,121,952
2023-03-20 01:04:16+00:00,1637621041735389186,SeKAmXZlIG1hZGUgbXkgY29tbWl0bWVudC4gTGV04oCZcyBoZWFyIHRoZSBvdGhlciBjYW5kaWRhdGVzIGRvIHRoZSBzYW1lLiBUaGlzIG9uZSBpcyBlYXN5Lg==,109,888,4400
2023-03-19 23:08:38+00:00,1637591941536784384,V2XigJlyZSBjdXJyZW50bHkgb24gdGhlIGxvc2luZyBzaWRlIG9mIGEgb25lLXNpZGVkIG9waXVtIHdhciB3aXRoIENoaW5hLiBCaWRlbiBzaXRzIGluIHRoZSBXaGl0ZSBIb3VzZSAmYW1wOyB3YXRjaGVzIHRoZSBmZW50YW55bCBjcmlzaXMgbGlrZSBoZeKAmXMgYSBieXN0YW5kZXIuIEnigJlsbCB1c2Ugb3VyIG1pbGl0YXJ5IHRvIGFubmloaWxhdGUgdGhlIGNhcnRlbHMuIElmIHdlIGNhbiBkbyBpdCB0byBJU0lTLCB3ZSBjYW4gZG8gaXQgdG8gdGhlIENoaW5lc2Utc3Vic2lkaXplZOKApiBodHRwczovL3QuY28vYlVZdDlWZnkwYg==,262,1233,6539
2023-03-19 21:27:45+00:00,1637566553997623296,VGhpcyBpcyB3aHkgY2FyZWVyIHBvbGl0aWNpYW5zIHdobyBwYXJyb3QgcG9sbC10ZXN0ZWQgc2xvZ2FucyB3b27igJl0IGdldCB0aGUgam9iIGRvbmUuIFRoZSByZWFsIHRocmVhdHMgdG9kYXkgZ28gYmV5b25kIGJpZyBnb3Zlcm5tZW50LiBTY2hvb2wgY2hvaWNlIGlzIGEgc3RlcCBmb3J3YXJkIGJ1dCBub3QgYSBjdXJlOiB0aGUgY3VsdHVyYWwgY2FuY2VyIGFsd2F5cyBmaW5kcyBuZXcgd2F5cyB0byBtZXRhc3Rhc2l6ZS4gV2UgbmVlZCB0byBoaXQgdGhlIHJvb3QgY2F1c2UgaXRzZWxmLg==,54,181,821
2023-03-19 21:11:58+00:00,1637562580863467521,VGhlIEFtZXJpY2FuIERyZWFtIGlzIGFsaXZlICZhbXA7IHdlbGwgaGVyZSBpbiBTb3V0aCBDYXJvbGluYS4gSXTigJlzIHRoZSBkcmVhbSB0aGF0IHN0aWxsIGdpdmVzIGhvcGUgdG8gdGhlIGZyZWUgd29ybGQuIElmIHdlIGNhbiByZXZpdmUgaXQsIHRoZW4gbm9ib2R5IGluIHRoZSB3b3JsZCAtIG5vdCBhIG5hdGlvbiwgbm90IGEgY29ycG9yYXRpb24sIG5vdCBhIHZpcnVzIC0gd2lsbCBkZWZlYXQgdXMuIGh0dHBzOi8vdC5jby9RUDJNSHY1THZJ,59,279,1763
2023-03-19 19:53:39+00:00,1637542873888374784,VGhlIHBhdGggdG8gY29udmljdGlvbiBydW5zIHRocm91Z2ggZG91YnQuIFdlIGRvbuKAmXQgaGF2ZSB0byBiZSBhIGNvdW50cnkgaW4gc29tZSBpbmV2aXRhYmxlIG5hdGlvbmFsIGRlY2xpbmUuIFdl4oCZcmUgcmVhbGx5IGp1c3QgeW91bmcsIHN0aWxsIGZpZ3VyaW5nIHdobyB3ZSByZWFsbHkgYXJlLiBodHRwczovL3QuY28vVjJCYXpFbnl0eg==,41,129,843
2023-03-19 17:00:39+00:00,1637499336291393538,SSBjYWxsZWQgb24gbXkgZmVsbG93IEdPUCBjYW5kaWRhdGVzIEBSb25EZVNhbnRpc0ZMIGFuZCBATmlra2lIYWxleSB0byBqb2luIG1lIGluIGNvbmRlbW5pbmcgdGhlIHBvdGVudGlhbCBUcnVtcCBpbmRpY3RtZW50IGJlY2F1c2UgdGhvc2Ugb2YgdXMgKnJ1bm5pbmcgYWdhaW5zdCBUcnVtcCogY2FuIG1vc3QgY3JlZGlibHkgY2FsbCBvbiB0aGUgTWFuaGF0dGFuIERBIHRvIGFiYW5kb24gdGhpcyBkaXNhc3Ryb3VzbHkgcG9saXRpY2l6ZWQgcHJvc2VjdXRpb24uIEkgcHJheSB0aGF0IHRoZeKApiBodHRwczovL3QuY28vT1pMS3pyb0FqdQ==,788,2529,12655
2023-03-19 12:10:24+00:00,1637426291661045761,VGhlIE1hbmhhdHRhbiBEQSBleHBsaWNpdGx5ICpjYW1wYWlnbmVkKiBvbiBpbnZlc3RpZ2F0aW5nIFRydW1wLiBUaGlzIGlzIGEgdGV4dGJvb2sgY2FzZSBvZiBwb2xpdGljaXppbmcgcHJvc2VjdXRvcmlhbCBwb3dlci4gVGhlIGFyZ3VtZW50IHRoYXQgVHJ1bXAgc2hvdWxkbuKAmXQgYmUg4oCcYWJvdmUgdGhlIGxhd+KAnSBpcyBhIHN0cmF3IG1hbjogdGhlIG9ubHkgcmVhc29uIHRoZSBEQSBpcyBldmVuIGNvbnNpZGVyaW5nIHRoaXMgY2FzZSBpcyAqYmVjYXVzZSogaXTigJlzIFRydW1wLiBUaGlz4oCmIGh0dHBzOi8vdC5jby9PYkltQ0c3QXJw,1402,8476,33385
2023-03-18 23:22:39+00:00,1637233081806364675,SSBoZWxkIGEgcHJlc3MgY29uZmVyZW5jZSBmb2xsb3dpbmcgbXkgU291dGggQ2Fyb2xpbmEgc3BlZWNoLiBJIGNhbGxlZCBvbiBHT1AgZG9ub3IgY2xhc3MgZmF2b3JpdGVzIEBSb25EZVNhbnRpc0ZMIGFuZCBATmlra2lIYWxleSB0byBqb2luIG1lIGJ5IDkgQU0gdG9tb3Jyb3cgaW4gY2FsbGluZyBvbiB0aGUgTWFuaGF0dGFuIERBIEFsdmluIEJyYWdnIHRvIGFiYW5kb24gdGhlIHBvbGl0aWNhbCBwZXJzZWN1dGlvbiB0aHJvdWdoIHByb3NlY3V0aW9uIG9mIHRoZSA0NXRo4oCmIGh0dHBzOi8vdC5jby9rb1NiTUJ3UVJ5,2518,9793,34559
2023-03-18 20:46:34+00:00,1637193801692225540,R29pbmcgb24gc3RhZ2Ugbm93IGF0IEBQYWxtZXR0b0ZhbWlseSBjb25mZXJlbmNlIGhlcmUgaW4gU291dGggQ2Fyb2xpbmEsIGNsb3Npbmcgb3V0IHRoZSBkYXkgcmlnaHQgYWZ0ZXIgQE5pa2tpSGFsZXkgYW5kIEBTZW5hdG9yVGltU2NvdHQuIEkgd2lsbCBob2xkIGEgcHJlc3MgY29uZmVyZW5jZSByaWdodCBoZXJlIGFmdGVyd2FyZCB3aXRoIGEgY2FsbCB0byBhY3Rpb24gdG8gdGhlIG90aGVyIEdPUCBjYW5kaWRhdGVzIGFmdGVyIHRvZGF54oCZcyBuZXdzIGFib3V0IFRydW1wLg==,52,231,1617
2023-03-18 20:23:00+00:00,1637187872246693888,SSBsb3ZlIFN0LiBQYXRyaWNr4oCZcyBEYXkgdG9vLCBidXQgdGhlIHJ1bGluZyBwYXJ0eSBpcyBub3cgbG9va2luZyB0byB1c2UgcG9saWNlIHBvd2VyIHRvIGxvY2sgdXAgaXRzIGJpZ2dlc3QgcG9saXRpY2FsIHJpdmFsLiBUaGUgQEdPUCBkb25vciBjbGFzcyBmYXZvcml0ZXMgaGF2ZSBiZWVuIGRlYWZlbmluZ2x5IHNpbGVudCBhYm91dCBpdC4gU3RhbmQgdXAgb3Igc3RlcCBhc2lkZS4gU3RvcCBiZWluZyBmYWtlLg==,537,1582,6649
2023-03-18 19:06:27+00:00,1637168605308526592,VGhpcyBpcyBhYm91dCBwcmluY2lwbGUsIG5vdCBhIHBlcnNvbi4gVGhpcyBpcyBhYm91dCBvdXIgY291bnRyeSwgbm90IG9uZSBtYW4uIFRoZSBzaWxlbmNlIGZyb20gdGhlIHJlc3Qgb2YgdGhlIEdPUCBmaWVsZCBpcyBkZWFmZW5pbmcuIGh0dHBzOi8vdC5jby9KcWk5bzJkMHdS,3261,9692,36001
2023-03-18 17:55:31+00:00,1637150753612496896,VGhpcyBpcyBhYm91dCBwcmluY2lwbGUsIG5vdCBhYm91dCBhIHBlcnNvbi4gVGhlIHNpbGVuY2UgZnJvbSB0aGUgb3RoZXIgY2FuZGlkYXRlcyBpcyBkZWFmZW5pbmcuIFdlIG5lZWQgbGVhZGVycywgbm90IGxhY2tleXMu,329,2257,10413
2023-03-18 13:26:46+00:00,1637083122276655104,QSBUcnVtcCBpbmRpY3RtZW50IHdvdWxkIGJlIGEgbmF0aW9uYWwgZGlzYXN0ZXIuIEl0IGlzIHVuLUFtZXJpY2FuIGZvciB0aGUgcnVsaW5nIHBhcnR5IHRvIHVzZSBwb2xpY2UgcG93ZXIgdG8gYXJyZXN0IGl0cyBwb2xpdGljYWwgcml2YWxzLiBJZiBhIFJlcHVibGljYW4gcHJvc2VjdXRvciBpbiAyMDA0IGhhZCB1c2VkIGEgY2FtcGFpZ24gZmluYW5jZSB0ZWNobmljYWxpdHkgdG8gYXJyZXN0IHRoZW4tY2FuZGlkYXRlIEpvaG4gS2Vycnkgd2hpbGUgQnVzaCAmYW1wOyBDaGVuZXkgd2VyZSBpbuKApg==,4984,8864,43305
2023-03-18 13:12:21+00:00,1637079492731469826,WW91IGNhbiBvbmx5IGJlIGFuIG91dHNpZGVyIG9uY2UuIEkgd2lsbCBkbyB3aGF0IHRoZSBvdGhlciBHT1AgY2FuZGlkYXRlcyBhcHBlYXIgYWZyYWlkIHRvIGV2ZW4gc2F5LiBFbmQgYWZmaXJtYXRpdmUgYWN0aW9uLiBBYmFuZG9uIHRoZSBjbGltYXRlIGN1bHQuIFVzZSBtaWxpdGFyeSBmb3JjZSB0byBzZWN1cmUgdGhlIGJvcmRlciBhbmQgYW5uaWhpbGF0ZSB0aGUgZHJ1ZyBjYXJ0ZWxzLiBNdWNoIG1vcmUuIGh0dHBzOi8vdC5jby96OWFQVkVCSFk4,110,475,3052
2023-03-17 22:55:27+00:00,1636863849113481221,VGhlIExlZnQgY2hhbGxlbmdlcyBjb25zZXJ2YXRpdmVzIHRvIGRlZmluZSDigJx3b2tlLuKAnSBJ4oCZdmUgZG9uZSBpdC4gTm93IEkgY2hhbGxlbmdlIHRoZSBMZWZ0IHRvIGRlZmluZSDigJxtZXJpdC7igJ0gSeKAmWxsIHdhaXQuCgpIZXJl4oCZcyBATmV3WW9ya2VyIHRha2luZyBzaG90cyBhdCBtZSBhZ2FpbiB3aGlsZSBxdWlldGx5IGFkbWl0dGluZyB0aGF0IEnigJltIHJpZ2h0LgoKaHR0cHM6Ly90LmNvL3lZemQ0THRVSWg=,73,338,1618
2023-03-17 22:16:36+00:00,1636854070596993025,VGhlIFNpbGljb24gVmFsbGV5IGJhaWxvdXQgd2FzIGEgbWlzdGFrZSwgYnV0IGV2ZW4gbW9yZSBpbXBvcnRhbnQgaXMgdGhlIHBhdGggZm9yd2FyZDogcmVmb3JtaW5nIHRoZSBVLlMuIEZlZGVyYWwgUmVzZXJ2ZS4gTWFueSBpbiB0aGUgR09QIHdlcmUgY29uc3BpY3VvdXNseSBzaWxlbnQgdGhpcyB3ZWVrIGFib3V0IHRoZSBkZWJhY2xlLiBHb2luZyBvbiBARm94TmV3cyB3aXRoIEBCcmV0QmFpZXIgdmVyeSBzaG9ydGx5Lg==,43,145,803
2023-03-17 21:08:26+00:00,1636836915944075269,VGhlIFR3aXR0ZXIgZmlsZXMganVzdCBzY3JhdGNoIHRoZSBzZXJ2aWNlLiBOZWVkIHRoZSDigJhzdGF0ZSBhY3Rpb24gZmlsZXPigJkgdG8gc2VlIGhvdyBkZWVwIHRoaXMgcHJvYmxlbSByZWFsbHkgcnVucy4gSeKAmWxsIHJlbGVhc2UgdGhlIHN0YXRlIGFjdGlvbiBmaWxlcyB3aXRob3V0IGhlc2l0YXRpb24uIGh0dHBzOi8vdC5jby94MnVFU1hvS1Nx,74,446,2160
2023-03-17 19:33:28+00:00,1636813016560803840,VGhlIGFycmFuZ2VkIG1hcnJpYWdlIGJldHdlZW4gdGhlIG5ldyBsZWZ0ICZhbXA7IGNvcnBvcmF0ZSBBbWVyaWNhIGlzbuKAmXQgb25lIG9mIGxvdmUuIEl04oCZcyBtb3JlIGxpa2UgbXV0dWFsIHByb3N0aXR1dGlvbi4gQW5kIHRoZSBuZXQgcmVzdWx0IG9mIHRoZSBhY3QgaXMgdGhlIGJpcnRoIG9mIGEgbmV3IG1vbnN0ZXIgZmFyIG1vcmUgcG93ZXJmdWwgdGhhbiBhbnl0aGluZyBvdXIgRm91bmRpbmcgRmF0aGVycyBldmVyIGVudmlzaW9uZWQuIGh0dHBzOi8vdC5jby9VTlVSYWZCVVVB,86,561,2153
2023-03-17 16:52:36+00:00,1636772535965564941,VGhlcmXigJlzIGEgaGlzdG9yaWMgb3Bwb3J0dW5pdHkgZm9yIHRoZSBHT1AgdG8gZmlsbCBhIHZvaWQgb2YgQW1lcmljYW4gbmF0aW9uYWwgaWRlbnRpdHkuIERvbuKAmXQgc3F1YW5kZXIgaXQuIFdlIG5lZWQgdG8gZGVmaW5lIGFuIGFmZmlybWF0aXZlIHZpc2lvbiBvZiBvdXIgb3duIOKAlCB0aGUg4oCcd2hhdOKAnSBhbmQgdGhlIOKAnHdoeeKAnSBiZWZvcmUgd2UgcGljayB0aGUg4oCcd2hvLuKAnSBodHRwczovL3QuY28veVpPYTFkTXg4cw==,23,144,691
2023-03-17 16:38:38+00:00,1636769018135691273,RXhjZWxsZW5jZSBvdmVyIHZpY3RpbWhvb2QuIE1lcml0IG92ZXIgZ3JpZXZhbmNlLiBTZWxmLWdvdmVybmFuY2Ugb3ZlciBhcmlzdG9jcmFjeS4gVGhhdOKAmXMgd2hhdCBpdCBtZWFucyB0byBiZSBBbWVyaWNhbi4gSWYgdGhlIEdPUCBvd25zIHRoYXQsIHdlIHdpbiAyMDI0IGluIGEgbGFuZHNsaWRlLiBodHRwczovL3QuY28vRjZEdGtTclFDbQ==,72,499,2753
2023-03-17 15:36:55+00:00,1636753487940706305,SGVyZSB3ZSBnbyBhZ2FpbjogY2Vuc29yaW5nIOKAnGNsaW1hdGUgY2hhbmdlIG1pc2luZm9ybWF0aW9u4oCdIHdpbGwgZW5kIHVwIGNyZWF0aW5nLCB5b3UgZ3Vlc3NlZCBpdCwgY2xpbWF0ZSBjaGFuZ2UgbWlzaW5mb3JtYXRpb24uIAoKTm8gZGlmZmVyZW50IGZyb20gdGhlIENvdmlkIG9yaWdpbiBzdG9yeSwgc2Nob29sIGNsb3N1cmUgZGViYXRlLCBvciBhbnl0aGluZyBlbHNlIHRoYXQgd2FzIGNlbnNvcmVkIGluIHRoZSBuYW1lIG9mIOKAnHNjaWVuY2Uu4oCd,12,135,583
2023-03-17 14:31:48+00:00,1636737100367163394,VGhlIHRocmVhdCBvZiBiZWluZyBsYWJlbGVkIGEg4oCccmFjaXN04oCdIGhhcyBjcmVhdGVkIGEgbmV3IGN1bHR1cmUgb2YgZmVhciBpbiBvdXIgY291bnRyeSAtIGZlYXIgb2YgbG9zaW5nIHlvdXIgam9iLCBmZWFyIG9mIHlvdXIga2lkcyBnZXR0aW5nIGEgYmFkIGdyYWRlLCBmZWFyIG9mIGJlY29taW5nIGEgcGFyaWFoLkZlYXIgaXMgaW5mZWN0aW91cy4gQnV0IGNvdXJhZ2UgY2FuIGJlIGNvbnRhZ2lvdXMgdG9vLiBodHRwczovL3QuY28vdDNEc1d5WG8ycw==,79,488,2297
2023-03-17 12:52:58+00:00,1636712228631068673,SWYgeW91IGNhbid0IGZpcmUgc29tZWJvZHkgd2hvIHdvcmtzIGZvciB5b3UsIHRoYXQgbWVhbnMgdGhleSBkb24ndCB3b3JrIGZvciB5b3UuIEl0IG1lYW5zIHlvdSB3b3JrIGZvciB0aGVtIOKAlCB5b3UgYXJlIHRoZWlyIHNsYXZlLiAKCkl0J3MgdGltZSB0byBzaHV0IGRvd24gbW9zdCBnb3Zlcm5tZW50IGFnZW5jaWVzLiBodHRwczovL3QuY28vRzk1RzFkTWFuTw==,97,955,4848
2023-03-17 12:04:37+00:00,1636700058434297856,SSB3aWxsIHJlZHVjZSBoZWFkY291bnQgYXQgdGhlIFUuUy4gRmVkZXJhbCBSZXNlcnZlIGJ5ICZndDs5MCUgYW5kIGxpbWl0IGl0cyBzY29wZSB0byBkb2luZyBleGFjdGx5ICpvbmUqIHRoaW5nOiBzdGFiaWxpemUgdGhlIGRvbGxhciBhcyBhIHN0YWJsZSB1bml0IG9mIG1lYXN1cmVtZW50LiBUaGF04oCZcyBpdC4gaHR0cHM6Ly90LmNvL2JuOVdvUVJMZkg=,294,702,4900
2023-03-17 01:20:58+00:00,1636538081049300992,VGhpcyB3aHkgQ0JEQ3MgYXJlIGEgcHJvYmxlbS4gV2VsbCBzYWlkLg==,57,475,2137
2023-03-17 00:05:42+00:00,1636519140725850113,V2Ugd29u4oCZdCBkZWxpdmVyIG5hdGlvbmFsIHVuaXR5IGJ5IHN0YW5kaW5nIGluIHRoZSBwcm92ZXJiaWFsIOKAnG1pZGRsZSzigJ0gc2luZ2luZyBrdW1iYXlhIGFuZCBjb21wcm9taXNpbmcuIEl04oCZcyBieSBlbWJyYWNpbmcgdGhlIGV4dHJlbWlzbSBvZiB0aGUgaWRlYWxzIHRoYXQgYmlydGhlZCBBbWVyaWNhIGluIDE3NzYuIGh0dHBzOi8vdC5jby83V1laUW5IUDdt,47,197,1076
2023-03-16 21:57:43+00:00,1636486932237545476,SeKAmXZlIGJlZW4gb24gYSBjcnVzYWRlIGFnYWluc3QgdGhlIGJhaWxvdXQgaXRzZWxmLCBidXQgaXTigJlzIHRpbWUgdG8gc29sdmUgdGhlIGRlZXBlciBwcm9ibGVtOiByZWZvcm0gdGhlIEZlZGVyYWwgUmVzZXJ2ZSAmYW1wOyB1bmxlYXNoIHRoZSBBbWVyaWNhbiBlY29ub215LiBXZSB3aWxsIG5vdCBob2xkIGJhY2suIGh0dHBzOi8vdC5jby9xRUdTU1lFMjZ4,48,240,1059
2023-03-16 20:45:35+00:00,1636468776848826369,UmVwdWJsaWNhbnMgdGFsayBhIGJpZyBnYW1lIGFib3V0ICJmcmVlIHNwZWVjaCIgd2hpbGUgcmVhbGx5IGp1c3QgcHJlYWNoaW5nIHRvIHRoZWlyIG93biB0cmliZS4gTm90IG1lLiBJZiB5b3UncmUgYWZyYWlkIG9mIHRhbGtpbmcgdG8gTkJDIGJlY2F1c2UgdGhleSBhcmVuJ3QgbmljZSB0byB5b3UsIHlvdSBhcmVuJ3QgdGhlIHJpZ2h0IHBlcnNvbiB0byByZXByZXNlbnQgQW1lcmljYSBpbiBmcm9udCBvZiBYaSBKaW5waW5nLiBodHRwczovL3QuY28vNHNNRVZ3dEJ5Yw==,123,558,3421
2023-03-16 19:35:40+00:00,1636451181059776513,RWxpbWluYXRlIGFmZmlybWF0aXZlIGFjdGlvbi4gRGlzbWFudGxlIGNsaW1hdGUgcmVsaWdpb24uIDgteWVhciBsaW1pdHMgZm9yIGZlZGVyYWwgYnVyZWF1Y3JhdHMuIFNodXQgZG93biB3b3J0aGxlc3MgZmVkZXJhbCBhZ2VuY2llcy4gRGVjbGFyZSBUb3RhbCBJbmRlcGVuZGVuY2UgZnJvbSBDaGluYS4gQW5uaWhpbGF0ZSB0aGUgZHJ1ZyBjYXJ0ZWxzLiBNYWtlIHBvbGl0aWNhbCBleHByZXNzaW9uIGEgY2l2aWwgcmlnaHQuIE5vIENCRENzLiBSZXZpdmUgbWVyaXQgJmFtcDsgZXhjZWxsZW5jZS4gaHR0cHM6Ly90LmNvL2l2Q2ZSbUtqWUE=,108,518,2682
2023-03-16 18:42:14+00:00,1636437737803792391,TW9zdCBwZW9wbGUgYXJlIGh1bmdyeSBmb3IgYSBjYXVzZS4gRm9yIHB1cnBvc2UsIG1lYW5pbmcsIGFuZCBpZGVudGl0eS4gWWV0IHRoZSB0aGluZ3MgdGhhdCB1c2VkIHRvIGZpbGwgdGhhdCBodW5nZXIgLSBmYWl0aCwgcGF0cmlvdGlzbSwgJmFtcDsgaGFyZCB3b3JrIC0gaGF2ZSBkaXNhcHBlYXJlZC4gTm93IHRoZXkgc3VmZmVyIGRlcHJlc3Npb24uIFdlIG5lZWQgdG8gZmlsbCB0aGF0IHZhY3V1bSB3aXRoIHNvbWV0aGluZyBkZWVwZXIgdGhhbiBwb2xpdGljYWwgb3IgZ3JvdXDigKYgaHR0cHM6Ly90LmNvL1FBMWV5bmNXek4=,91,225,1795
2023-03-16 17:55:26+00:00,1636425960353349645,VGhlIHJlYWwgcG9saXRpY2FsIGRpdmlkZSBpbiBvdXIgY291bnRyeSBpc27igJl0IFJlcHVibGljYW5zIHZzIERlbW9jcmF0cy4gSXTigJlzIHNlbGYtZ292ZXJuYW5jZSB2cyBhcmlzdG9jcmFjeS4gSXTigJlzIHByby1BbWVyaWNhIGFuZCBhbnRpLUFtZXJpY2EuIElmIHdlIHNlZSBpdCB0aGlzIHdheSwgd2Ugd2luIDIwMjQgaW4gYSBydW5hd2F5IGxhbmRzbGlkZS4gaHR0cHM6Ly90LmNvL3NFTk5HVWsyYjc=,55,247,1350
2023-03-16 17:19:19+00:00,1636416867408678912,VGhlIEFtZXJpY2FuIGJhcmdhaW4gaXMgdGhhdCwgZm9yIGJldHRlciBvciB3b3JzZSwgd2Ugc2V0dGxlIG91ciBwb2xpdGljYWwgZGlzcHV0ZXMgdGhyb3VnaCBmcmVlIHNwZWVjaCAmYW1wOyBvcGVuIGRlYmF0ZS4gVGhlIGJlc3QgaWRlYXMgd2luIHdoZW4gbm8gaWRlYXMgYXJlIGNlbnNvcmVkOiBnb3Zlcm5tZW50IG11c3Qgc3RvcCB1c2luZyB0aGUgcHJpdmF0ZSBzZWN0b3IgYXMgaXRzIGNlbnNvcnNoaXAgYnVyZWF1LiBodHRwczovL3QuY28vRTl0amsyTHZwUQ==,79,475,2067
2023-03-16 13:42:50+00:00,1636362389397307402,VGhlIGlkZWEgdGhhdCB0YXhwYXllcnMgYXJlbuKAmXQgcGF5aW5nIGZvciB0aGUgU2lsaWNvbiBWYWxsZXkgQmFpbG91dCBpcyBhIG15dGguIFJlYWxseSwgaXTigJlzIGEgbGllLiBEb27igJl0IGZhbGwgZm9yIGl0LiBodHRwczovL3QuY28vSmt6cXFrcnBHVg==,42,354,1388
2023-03-16 13:39:27+00:00,1636361539631435776,RXVyb3BlYW4gcmVndWxhdG9ycyBhcmUgbGF1Z2hpbmcgYXQgb3VyIGJhaWxvdXQgb2YgU2lsaWNvbiBWYWxsZXk6IOKAnHRoZXkgcmVhbGx5IGtpbGxlZCBhIGZseSB3aXRoIGEgc2xlZGdlaGFtbWVyLuKAnSBTYWRseSB0aGV54oCZcmUgcmlnaHQuIFdlIHNob3VsZCBiZSBhc2hhbWVkLiBodHRwczovL3QuY28vcThZMjh1NzBibw==,57,256,1035
2023-03-16 12:36:31+00:00,1636345699531980802,SSBzYXkgdGhpcyBhcyB0aGUga2lkIG9mIGltbWlncmFudHM6IFdlIG11c3QgcmVzdG9yZSBtZXJpdCBmb3Igd2hvIGdldHMgdG8gY29tZSBpbnRvIEFtZXJpY2EuIFRoYXQgbWVhbnMgc2VjdXJpbmcgdGhlIGJvcmRlciB1bmFwb2xvZ2V0aWNhbGx5IGFuZCBlbGltaW5hdGluZyBsb3R0ZXJ5LWJhc2VkIGltbWlncmF0aW9uIGluIGZhdm9yIG9mIG1lcml0b2NyYXRpYyBhZG1pc3Npb24uIEZ1bGwgc3RvcC4gaHR0cHM6Ly90LmNvLzZwM1NldXdlRlE=,113,669,3605
2023-03-16 12:00:24+00:00,1636336612102615045,RW5lcmd5IGluZGVwZW5kZW5jZSBpcyB0aGUgIzEgZ2VvcG9saXRpY2FsIHRvb2wgaW4gb3VyIGFyc2VuYWwuIFdlIG5lZWQgdG8gYWJhbmRvbiB0aGUgY2xpbWF0ZSBjdWx0IHRoYXQgc2hhY2tsZXMgQW1lcmljYSB3aGlsZSBsZWF2aW5nIENoaW5hIHVudG91Y2hlZC4gaHR0cHM6Ly90LmNvL2kxUzR2U0dKU1I=,34,343,1570
2023-03-16 01:04:26+00:00,1636171530261471232,VGhlcmUgYXJlIHR3byBzZXRzIG9mIHJ1bGVzOiBvbmUgZm9yIHRoZSBTaWxpY29uIFZhbGxleSBEb25vciBjbGFzcywgYW5vdGhlciBmb3IgZXZlcnlib2R5IGVsc2UuIAoKVGhpcyBpcyBTaWxpY29uIFZhbGxleSB0ZWNoIGNyb255aXNtIGluIGl0cyB1Z2xpZXN0IGZvcm0uIGh0dHBzOi8vdC5jby9TeUp4Zmo0dEpu,57,584,2422
2023-03-15 23:06:26+00:00,1636141835000184832,VGhlIEFtZXJpY2FuIERyZWFtIHN0aWxsIGdpdmVzIGhvcGUgdG8gdGhlIGZyZWUgd29ybGQuIElmIHdlIGNhbiByZXZpdmUgaXQsIHRoZW4gbm9ib2R5IGluIHRoZSB3b3JsZCAtIG5vdCBhIG5hdGlvbiwgbm90IGEgY29ycG9yYXRpb24sIG5vdCBhIHZpcnVzIC0gd2lsbCBkZWZlYXQgdXMuIFRoYXTigJlzIHdoYXQgQW1lcmljYW4gZXhjZXB0aW9uYWxpc20gaXMgYWxsIGFib3V0LiBodHRwczovL3QuY28vRlMxMTNnbWFRMA==,26,174,1030
2023-03-15 22:43:28+00:00,1636136057950425088,Rm9yZ2V0IGRlcG9zaXQgaW5zdXJhbmNlOiB0aGlzIHdhcyBiYWlsb3V0IGluc3VyYW5jZS4=,57,425,2092
2023-03-15 22:06:56+00:00,1636126862333149184,T3VyIGRpdmVyc2l0eSBpcyBub3Qgb3VyIHN0cmVuZ3RoIGluIEFtZXJpY2EuIE91ciBzdHJlbmd0aCBpcyB3aGF0IGJpbmRzIHVzIHRvZ2V0aGVyIGFjcm9zcyBvdXIgZGl2ZXJzaXR5IC0gdGhlIHNoYXJlZCBpZGVhbHMgdGhhdCBzZXQgb3VyIG5hdGlvbiBpbiBtb3Rpb24gbmVhcmx5IDI1MCB5ZWFycyBhZ28uIGh0dHBzOi8vdC5jby9QZkNmT1dRQkdY,33,193,1034
2023-03-15 20:56:35+00:00,1636109159807451140,SnVzdCBhcyBAZWxvbm11c2sgZGlkIGF0IFR3aXR0ZXIsIGFzIFByZXNpZGVudCBJIHdpbGwgcmVsZWFzZSB0aGUg4oCcc3RhdGUgYWN0aW9uIGZpbGVz4oCdIGZyb20gdGhlIGZlZGVyYWwgZ292ZXJubWVudCAtIGV4cG9zaW5nIGV2ZXJ5IGluc3RhbmNlIHdoZXJlIHRoZSBmZWRzIHByZXNzdXJlZCBjb21wYW5pZXMgdG8gdGFrZSBjb25zdGl0dXRpb25hbGx5IHByb2hpYml0ZWQgYWN0aW9ucy4KClJvbGwgdGhhdCBsb2cgb3ZlciAmYW1wOyBzZWUgd2hhdCBjcmF3bHMgb3V0LiBXb27igJl0IGJlIHByZXR0eS4gaHR0cHM6Ly90LmNvL3VVTmdzcjVpY3Y=,102,733,4295
2023-03-15 19:44:26+00:00,1636090999448518660,VGhlIGRlYmF0ZSBiZXR3ZWVuIOKAnHRheCBpbmNyZWFzZXPigJ0gYW5kIOKAnHNwZW5kaW5nIGN1dHPigJ0gaXMgbWlzZ3VpZGVkLiBSZXB1YmxpY2FucyBhcmUgcGxheWluZyBzbWFsbC1iYWxsOiB3ZSBuZWVkIHRvIGZvY3VzIG1vcmUgb24gc3Bhd25pbmcgKkdEUCBncm93dGguKiBUaGUgYmVzdCBkZWZlbnNlIGlzIG9mZmVuc2UuIERvbuKAmXQganVzdCBiZSBjb3N0IGFjY291bnRhbnRzLiBUaW1lIHRvIHVubGVhc2ggdGhlIEFtZXJpY2FuIGVjb25vbXkgaW5zdGVhZCwgY2xpbWF0ZWlzbSBiZSBkYW1uZWQgaHR0cHM6Ly90LmNvL2pXZ21rS2VUNHU=,30,93,548
2023-03-15 19:34:17+00:00,1636088446555914245,VGltZSB0byB1bmxlYXNoIHRoZSBBbWVyaWNhbiBlY29ub215OgotIEFiYW5kb24gY29uc3RyYWludHMgb24gVS5TLiBlbmVyZ3kgcHJvZHVjdGlvbiAoZm9zc2lsIGZ1ZWxzICZhbXA7IG51Y2xlYXIpCi0gTmFycm93IHRoZSBGZWTigJlzIG1hbmRhdGU6IHN0YWJpbGl6ZSB0aGUgZG9sbGFyIGFzIGEgbWVhc3VyZW1lbnQgdW5pdAotIFNvbHZlIHRoZSB3b3JrZXIgc2hvcnRhZ2UgcHJvYmxlbSBieSBlbGltaW5hdGluZyBmZWRlcmFsIGluY2VudGl2ZXMgKm5vdCogdG8gd29yaw==,68,224,1284
2023-03-15 18:50:09+00:00,1636077341599227908,VGhpcyBpc27igJl0IGp1c3QgYSBwb2xpdGljYWwgY2FtcGFpZ24sIGJ1dCBhIGN1bHR1cmFsIG1vdmVtZW50LiBIZWxwIGdldCB0aGVzZSBpZGVhcyBhIHByaW1lIHNwb3Qgb24gdGhlIGRlYmF0ZSBzdGFnZSBodHRwczovL3QuY28vY0dzSlZUTG5HTyBodHRwczovL3QuY28vRWdtaWhtOXAzMA==,18,86,550
2023-03-15 17:56:38+00:00,1636063871701065733,VGhlIGRlYmF0ZSBiZXR3ZWVuIOKAnHRheCBpbmNyZWFzZXPigJ0gYW5kIOKAnHNwZW5kaW5nIGN1dHPigJ0gaXMgbWlzZ3VpZGVkLiBSZXB1YmxpY2FucyBhcmUgcGxheWluZyBzbWFsbC1iYWxsOiB3ZSBuZWVkIHRvIGZvY3VzIG1vcmUgb24gc3Bhd25pbmcgKkdEUCBncm93dGguKiBUaGUgYmVzdCBkZWZlbnNlIGlzIG9mZmVuc2UuIERvbuKAmXQganVzdCBiZSBjb3N0IGFjY291bnRhbnRzLiBUaW1lIHRvIHVubGVhc2ggdGhlIEFtZXJpY2FuIGVjb25vbXkgaW5zdGVhZCwgY2xpbWF0ZWlzbSBiZSBkYW1uZWQgaHR0cHM6Ly90LmNvL1phVXFrdzd4V3Q=,47,247,991
2023-03-15 17:04:05+00:00,1636050649082216474,VGhlIEZlZGVyYWwgUmVzZXJ2ZSBoYXMgYmVlbiB0cnlpbmcgdG8gcGxheSBHb2QgZm9yIHRvbyBsb25nLiBUaGUgUGhpbGxpcHMgQ3VydmUgaXMgYW4gYWNhZGVtaWMgbXl0aCAmYW1wOyB0aGUg4oCcdHJhZGVvZmbigJ0gYmV0d2VlbiBlbXBsb3ltZW50ICZhbXA7IGluZmxhdGlvbiBpcyBhcnRpZmljaWFsLiBJ4oCZbGwgcHV0IHRoZSBGZWQgYmFjayBpbiBpdHMgcGxhY2UgYW5kIHdpbGwgZHJhc3RpY2FsbHkgbGltaXQgdGhlIHNjb3BlIG9mIHRoZSBGZWQuIE1vcmUgdG8gc2F5IG9uIHRoaXMgc29vbi4gaHR0cHM6Ly90LmNvL3BYdnhsMHVrZjE=,60,183,965
2023-03-15 16:35:38+00:00,1636043487194890253,UmVzdG9yZSBtZXJpdC4gSSB3aWxsIGVuZCBhZmZpcm1hdGl2ZSBhY3Rpb24gaW4gQW1lcmljYS4gSSB3aWxsIHJlcGVhbCBFeGVjdXRpdmUgT3JkZXIgMTEyNDYsIHdoaWNoIG1hbmRhdGVzIHJhY2UtYmFzZWQgcXVvdGFzIGZvciBnb3Zlcm5tZW50IGNvbnRyYWN0b3Jz4oCUdGhhdOKAmXMgMjAlIG9mIHRoZSBVUyB3b3JrZm9yY2UuIEV2ZXJ5IFJlcHVibGljYW4gc2luY2UgTHluZG9uIEpvaG5zb24gaGFkIHRoZSBvcHBvcnR1bml0eSB0byBkbyBpdC4gSeKAmWxsIGRvIGl0IHdpdGhvdXQgYXBvbG9neSBodHRwczovL3QuY28vMU5iSzNIY0ZXTg==,62,310,1786
2023-03-15 16:23:50+00:00,1636040518806257672,SnVzdCBhcyB0aGUgMjAwOCBmaW5hbmNpYWwgY3Jpc2lzIGJpcnRoZWQgdGhlIEVTRy1pbmR1c3RyaWFsIGNvbXBsZXgsIHRoZSBuZXh0IG9uZSBjb3VsZCBzcGF3biB0aGUgZXJhIG9mIENCRENzLiBJIGhvcGUgbXkgcHJlZGljdGlvbiBhZ2VzIHBvb3JseSwgYnV0IEkgZmVhciB0aGF0IGl0IHdvbuKAmXQuIGh0dHBzOi8vdC5jby9LeDRyaDBvbkNY,26,81,393
2023-03-15 14:33:31+00:00,1636012758045978624,V2hpdGUgSG91c2UgMjAyNTogd2UgbmVlZCBhIGxlYWRlciwgbm90IGEgbGFja2V5LiBodHRwczovL3QuY28vTFRBSjlGWWwyUQ==,109,212,1445
2023-03-15 14:15:02+00:00,1636008106843942913,SeKAmW0gYW4gdW5hcG9sb2dldGljIHN1cHBvcnRlciBvZiB0aGUgU2Vjb25kIEFtZW5kbWVudC4gRnVsbCBzdG9wLiBodHRwczovL3QuY28vOFFnSUtaWXphUA==,74,339,2199
2023-03-15 12:54:16+00:00,1635987781695557634,RW5kIHRoZSBjbGltYXRlIGN1bHQuIFVubGVhc2ggdGhlIFVTIGVjb25vbXkuIEnigJlsbCBkbyBpdCB3aXRob3V0IGFwb2xvZ3kuIGh0dHBzOi8vdC5jby9RNzB2dDFvdWU4,83,286,1922
2023-03-15 12:53:51+00:00,1635987672798838786,VkNzIHdobyBhcmUgb24gdGhlIGJvYXJkcyBvZiB0aGVzZSB0ZWNoIHN0YXJ0dXBzIHdlcmUgYXNsZWVwIGF0IHRoZSBzd2l0Y2ggdG9vOiB0aGV5IHdheCBlbG9xdWVudCBhYm91dCBFU0csIGJ1dCB0aGUgbW9zdCBpbXBvcnRhbnQgcGFydCBvZiDigJxnb3Zlcm5hbmNl4oCdIGF0IGEgc3RhcnR1cCBpcyBwYXlpbmcgYXR0ZW50aW9uIHRvIHRoZSBjYXNoIGJhbGFuY2UuIEluc3RlYWQgb2YgYWNjZXB0aW5nIHJlc3BvbnNpYmlsaXR5LCB0aGV5IGNsYW1vcmVkIGZvciBhIGJhaWxvdXQgaW5zdGVhZC4=,15,129,567
2023-03-15 12:04:45+00:00,1635975317738102784,SXTigJlzIHN0YWdnZXJpbmcgdGhhdCBzb21lIHRlY2ggQ0ZPcyB3aG8gZGVwb3NpdGVkIDgtZmlndXJlIHN1bXMgZGlkbuKAmXQgZXZlbiBrbm93IHdoYXQgdGhlIGRlcG9zaXQgaW5zdXJhbmNlIHRocmVzaG9sZCB3YXMsIGFzIHJlY2VudGx5IGFzIEZyaWRheS4gSXTigJlzIGEgY3VsdHVyZSBvZiBleGNlc3MgZnVlbGVkIGJ5IGEgZGVjYWRlLXBsdXMgb2YgbW9uZXkgcmFpbmluZyBmcm9tIG9uIGhpZ2ggbGlrZSBtYW5uYSBmcm9tIGhlYXZlbi4gQmVpbmcgZm9yY2VkIHRvIHJhaXNlIG1vbmV5IGFuZOKApiBodHRwczovL3QuY28veVNXblc1NzdqWQ==,98,494,2826
2023-03-15 12:02:50+00:00,1635974834160123906,VGhlcmUgd2FzIG5vIG5hdGlvbmFsIGJhbmsgcnVuLiBOb3cgbGV04oCZcyB0YWtlIGEgc3RlcCBiYWNrICZhbXA7IHNlZSBleGFjdGx5IHdoYXQgaGFwcGVuZWQgc28gd2UgZG9u4oCZdCBtYWtlIHRoZSBzYW1lIG1pc3Rha2UgYWdhaW4uIEBDbGlmZm9yZEFzbmVzcyBkb2VzIGEgZ3JlYXQgam9iIG9mIHBhcnNpbmcgdGhyb3VnaCB0aGUgZmFsc2UgbmFycmF0aXZlIHB1bXBlZCBieSBzZWxmLWludGVyZXN0ZWQgU2lsaWNvbiBWYWxsZXkgYWN0b3JzIHRvIGdldCB0aGVpciBzcGVjaWFsICQkIGJhaWxvdXQu,17,84,414
2023-03-15 02:51:53+00:00,1635836183543443459,T25lIGFzcGVjdCB0aGF0IGhhcyBiZWVuIHVuZGVyLWRpc2N1c3NlZDogU1ZCIGVudGVyZWQgKnNwZWNpYWwgYXJyYW5nZW1lbnRzKiB3aXRoIGl0cyBzdGFydHVwIGNsaWVudHMgKGUuZy4gbm9uLWRpbHV0aXZlIHZlbnR1cmUgZGVidCBkZWFscykgaW4gZXhjaGFuZ2UgZm9yIHRob3NlIHN0YXJ0dXBzIGNob29zaW5nIHRvIGRlcG9zaXQgJCQkIHdpdGggU1ZCLiBUaGF0IGhlbHBzIHN0YXJ0dXAgZm91bmRlcnMgYXZvaWQgZXF1aXR5IGRpbHV0aW9uLiBCdXQgaXQgYXJndWVzIGV2ZW4gbW9yZeKApg==,77,611,3205
2023-03-15 01:54:48+00:00,1635821820833062912,V293LCB0aGF0IHdhcyBmYXN0Lg==,35,171,1038
2023-03-15 01:31:16+00:00,1635815895376306178,VGhlIHJlc3Qgb2YgdGhlIEdPUCBmaWVsZCBuZWVkcyB0byBiZSBjbGVhciB3aGVyZSB0aGV5IHN0YW5kIG9uIHRoaXMuIEnigJlsbCBzcGVhayBmcm9tIGZpcnN0aGFuZCBvYnNlcnZhdGlvbjogbWFueSBSZXB1YmxpY2FucyBhcmUgYWZyYWlkIG9mIFNpbGljb24gVmFsbGV54oCZcyBkb25vciBjbGFzcyBhbmQgYmVoYXZlIGFjY29yZGluZ2x5LiBJ4oCZbSBub3QuIGh0dHBzOi8vdC5jby9yNklKU3c5d09t,38,325,1444
2023-03-15 00:00:28+00:00,1635793044854194177,SGlzdG9yeSB3aWxsIG5vdCBsb29rIGtpbmRseSBvbiB0aGUgU2lsaWNvbiBWYWxsZXkgQmFpbG91dC4=,69,211,1879
2023-03-14 22:15:45+00:00,1635766693225005061,V291bGQgQmlkZW4gaGF2ZSBiYWlsZWQgb3V0IHRoZSB1bmluc3VyZWQgZGVwb3NpdG9ycyBvZiBhIG5vLW5hbWUgb2lsLSZhbXA7LWdhcyBiYW5rIGluIE9rbGFob21hPyBBYnNvbHV0ZWx5IG5vdC4gU2lsaWNvbiBWYWxsZXkgdGVjaCBjcm9ueWlzbSBpbiBpdHMgdWdsaWVzdCBmb3JtLiBodHRwczovL3QuY28va0l3a05WU0w1aA==,63,338,1437
2023-03-14 22:01:30+00:00,1635763106776219650,V29rZW5lc3MgJmFtcDsgY3Jvbnlpc20gZ28gaGFuZC1pbi1oYW5kLiBJdOKAmXMgYSBrZXkgcGFydCBvZiBob3cgdGhlIGdhbWUgaXMgcGxheWVkLiBTYW1lIHJlYXNvbiB0aGF0IFNpbGljb24gVmFsbGV5IEJhbmsgbWFkZSBhIGNyYXp5ICQ1ICpiaWxsaW9uKiBjb21taXRtZW50IHRvIOKAnHN1c3RhaW5hYmxlIGZpbmFuY2XigJ0gZm9yIGEg4oCcaGVhbHRoaWVyIHBsYW5ldOKAnSBsYXN0IHllYXIuIElmIHlvdSB3b25kZXIgd2h5IFNpbGljb24gVmFsbGV5IGdvdCBhIHNwZWNpYWwgYmFpbG91dCwgd2FrZSB1cC4=,98,1143,3732
2023-03-14 20:37:51+00:00,1635742057338732564,V2UgYXJlIGxlYWRpbmcgdGhpcyByYWNlIHdpdGggYWN0dWFsICpzb2x1dGlvbnMuKiBJIHdpbGwgZG8gd2hhdCB0aGUgb3RoZXIgR09QIGNhbmRpZGF0ZXMgYXBwZWFyIGFmcmFpZCB0byBldmVuIHNheS4gRW5kIGFmZmlybWF0aXZlIGFjdGlvbi4gQWJhbmRvbiB0aGUgY2xpbWF0ZSBjdWx0LiBVc2UgbWlsaXRhcnkgZm9yY2UgdG8gc2VjdXJlIHRoZSBib3JkZXIgYW5kIGFubmloaWxhdGUgdGhlIGRydWcgY2FydGVscy4gTXVjaCBtb3JlIHRvIGNvbWUuIGh0dHBzOi8vdC5jby9qZGtzOFZ3TjJZ,35,138,845
2023-03-14 19:26:55+00:00,1635724205944610816,SGVyZeKAmXMgdGhlIGRpcnR5IGxpdHRsZSBzZWNyZXQ6IHRoZSBiYWlsb3V0IGhhZCBub3RoaW5nIHRvIGRvIHdpdGggaGVscGluZyDigJx3b3JrZXJzLuKAnSBJdCB3YXMgYWJvdXQgc3RhcnR1cHMgYXZvaWRpbmcgKmVxdWl0eSBkaWx1dGlvbiouIFRoZXNlIGNvbXBhbmllc+KAmSBidXNpbmVzcyBtb2RlbHMgYXJlIHN0aWxsIHRoZSBzYW1lIGFzIHRoZXkgd2VyZS4gVkMgaW52ZXN0b3JzIGNvdWxk4oCZdmUganVzdCBwdXQgaW4gbW9yZSAkJCwgYnV0IHRoZXkgd2FudGVkIGEgYmFpbG91dCBpbnN0ZWFkLg==,72,312,1138
2023-03-14 19:22:43+00:00,1635723147960889345,VGhpcyBpc27igJl0IGEgYmFpbG91dCBvZiBTaWxpY29uIFZhbGxleSBCYW5rLiBJdOKAmXMgYSBiYWlsb3V0IG9mICpTaWxpY29uIFZhbGxleSogaXRzZWxmLiBCYWlsaW5nIG91dCB0aGUgdGVjaCBjb21wYW5pZXMgd2hvIG1hZGUgcmVja2xlc3MgZmluYW5jaWFsIGRlY2lzaW9ucyBieSBkZXBvc2l0aW5nIHdheSB0b28gbXVjaCAkJCBhdCBTVkIuICBUaGV5IHNob3VsZCBiZSBoZWxkIGFjY291bnRhYmxlIGZvciB0aGVpciBkaXNhc3Ryb3VzIGZpbmFuY2lhbCBkZWNpc2lvbnMuIFRoYXTigJlzIGhvd+KApiBodHRwczovL3QuY28vWU5LbDJOSXA2RA==,105,283,1627
2023-03-14 18:55:33+00:00,1635716313342410762,SXTigJlzIGEgYmFpbG91dCwgcHVyZSAmYW1wOyBzaW1wbGUuIEZvciB5ZWFycywgU1ZCIGFuZCBpdHMgY3JvbmllcyBsb2JiaWVkIGZvciBsb29zZXIgcmlzayBsaW1pdHMgYnkgYXJndWluZyB0aGF0IGl0cyBmYWlsdXJlIHdvdWxkbuKAmXQgY3JlYXRlIOKAnHN5c3RlbWljIHJpc2vigJ0gYW5kIHdvdWxkbuKAmXQgbmVlZCBzcGVjaWFsIGludGVydmVudGlvbiBieSB0aGUgVS5TLiBnb3Zlcm5tZW50LiBZZXQgbm93IHRoZSBzYW1lIGNyb25pZXMgY2xhaW0gU1ZCIHdhcyDigJxzeXN0ZW1pY2FsbHkgaW1wb3J0YW50LuKAnSBodHRwczovL3QuY28vRXkwVjYxT1BwOQ==,52,291,1047
2023-03-14 18:44:29+00:00,1635713525443067916,U29tZXRpbWVzIHRoaW5ncyBhcmUgZnVubnkgYmVjYXVzZSB0aGV54oCZcmUgcmlkaWN1bG91cy4gQnV0IHRoaXMgaXMgaGlsYXJpb3VzIGJlY2F1c2UgaXTigJlzIHRydWUu,7,52,301
2023-03-14 18:15:48+00:00,1635706306798538752,Tm8gY29uZmxpY3QsIG5vIGludGVyZXN0LgoKVGhlIHNhZCByZWFsaXR5IG9mIG1vZGVybiBjcm9ueWlzbSAobXkgbmV3IHNob3J0aGFuZCBmb3Ig4oCcY3JvbnkgY2FwaXRhbGlzbeKAnSk=,11,32,190
2023-03-14 18:11:16+00:00,1635705169252843529,LkBHYXZpbk5ld3NvbSBpcyBjaGVlcmluZyB0aGUgU2lsaWNvbiBWYWxsZXkgQmFpbG91dC4gQEdhdmluTmV3c29tIGlzIGFsc28gYSBTaWxpY29uIFZhbGxleSBCYW5rIGNsaWVudC4gRnVubnkgbGl0dGxlIHBhdHRlcm4gdGhhdCB3ZeKAmXJlIHNlZWluZy4=,69,660,2658
2023-03-14 16:57:56+00:00,1635686714130743296,V2l0aCBCaWRlbiBpbiB0aGUgV2hpdGUgSG91c2UsIHdl4oCZcmUgZmFjaW5nIGEgZG91YmxlIHdoYW1teTogcmlzaW5nIGludGVyZXN0IHJhdGVzIGFuZCBhIHJlZ3VsYXRvcnkgZW52aXJvbm1lbnQgYmVob2xkZW4gdG8gdGhlIGNsaW1hdGUgY3VsdC4gVW5zaGFja2xlIHRoZSBVUyBlY29ub215LiBVbmxlYXNoIGdyb3d0aC4gaHR0cHM6Ly90LmNvLzg2bFc3M1FSRTk=,13,100,462
2023-03-14 16:47:02+00:00,1635683968015036418,VGhlIHRlcm1z4oCdIGdvdmVybm1lbnQgYmFpbG91dOKAnSBhbmQg4oCcbW9yYWwgaGF6YXJk4oCdIGRvbuKAmXQganVzdCBhcHBseSB0byBiYW5rcy4gVGhlc2UgY29uY2VwdHMgYXBwbHkgdG8gY29ycG9yYXRpb25zIHRvby4gWWVzLCB0aGF0IGluY2x1ZGVzIHRlY2ggc3RhcnR1cHMgaW4gU2lsaWNvbiBWYWxsZXkgd2hvIGJhbmtlZCBhdCBTVkIgZHVlIHRvICpzcGVjaWFsIHRyZWF0bWVudCogdGhleSByZWNlaXZlZCBmcm9tIFNWQi4gRG9u4oCZdCBmYWxsIGZvciB0aGUgdGVybWlub2xvZ3kganVqaXRzdS4=,26,82,508
2023-03-14 15:27:51+00:00,1635664042760044546,TGVhcm4gbW9yZSBhYm91dCBvdXIgbW92ZW1lbnQgdG8gY3JlYXRlIGEgbmV3IEFtZXJpY2FuIERyZWFtIGZvciB0aGUgbmV4dCBnZW5lcmF0aW9uOiBodHRwczovL3QuY28vTGNEQjA0aWhOUSBodHRwczovL3QuY28vUzRKVkNBMFV4Sw==,11,38,297
2023-03-14 14:56:09+00:00,1635656064896053249,VGhlcmUgYXJlIHR3byBzZXRzIG9mIHJ1bGVzOiBvbmUgZm9yIHRoZSBTaWxpY29uIFZhbGxleSBEb25vciBjbGFzcywgYW5vdGhlciBmb3IgZXZlcnlib2R5IGVsc2UuIApUaGlzIGlzIFNpbGljb24gVmFsbGV5IHRlY2ggY3Jvbnlpc20gaW4gaXRzIHVnbGllc3QgZm9ybS4gaHR0cHM6Ly90LmNvL1JETTdYbWcxZXk=,31,123,697
2023-03-14 14:05:47+00:00,1635643389369544704,VGhlIFVTIG1pbGl0YXJ5IGhhcyBvbmUgcHVycG9zZSBhYm92ZSBhbGwsIGl04oCZcyB0byBkZWZlbmQgQW1lcmljYeKAmXMgaG9tZSB0dXJmLiAxMDBLIEFtZXJpY2FucyBhcmUgZHlpbmcgZWFjaCB5ZWFyIGR1ZSB0byB0aGUgZmVudGFueWwgY3Jpc2lzLiAgVXNlIG91ciBtaWxpdGFyeSB0byBhbm5paGFsYXRlIHRoZSBNZXhpY2FuIERydWcgQ2FydGVscy4gSnVzdCBsaWtlIEJpbiBMYWRlbiwgU29sZWltYW5pLCAmYW1wOyBBbC1aYXdhaGlyaS4gaHR0cHM6Ly90LmNvL2hvTGNRZlRYQkg=,127,286,1601
2023-03-14 13:55:51+00:00,1635640891598680066,V291bGQgQmlkZW4gaGF2ZSBiYWlsZWQgb3V0IHRoZSB1bmluc3VyZWQgZGVwb3NpdG9ycyBvZiBhIG5vLW5hbWUgb2lsLSZhbXA7LWdhcyBiYW5rIGluIE9rbGFob21hPyBBYnNvbHV0ZWx5IG5vdC4gVGhpcyBpcyBTaWxpY29uIFZhbGxleSB0ZWNoIGNyb255aXNtIGluIGl0cyB1Z2xpZXN0IGZvcm0uIAoK4oCcTWFraW5nIHRoZSB3b3JsZCBhIGJldHRlciBwbGFjZSwgb25lIGJhaWxvdXQgYXQgYSB0aW1lLuKAnQ==,109,549,2392
2023-03-14 13:37:20+00:00,1635636229180993540,Q29ycG9yYXRlIG1vcmFsIGhhemFyZCBpcyBhIHByb2JsZW0gdG9vLiBBbmQgd2XigJlyZSBjcmVhdGluZyBtb3JlIG9mIGl0LiBUaGUgdGVjaCBjcm93ZCBpcyB0cnlpbmcgdG8gZWxpZGUgdGhhdCBkaXN0aW5jdGlvbi4gTm90IG9uIG15IHdhdGNoLg==,13,51,298
2023-03-14 13:29:02+00:00,1635634141059248128,UHJldGVuZCBsaWtlIHlvdSBjYXJlIGFib3V0IHNvbWV0aGluZyBvdGhlciB0aGFuIHByb2ZpdCAmYW1wOyBwb3dlciwgcHJlY2lzZWx5IHRvIGdhaW4gbW9yZSBvZiBlYWNoOiBTaWxpY29uIFZhbGxleSB0YXVnaHQgYSBtYXN0ZXIgY2xhc3Mgb24gdGhhdCBsZXNzb24gdGhpcyB3ZWVrZW5kLiBodHRwczovL3QuY28vN1k4dHV1T3NNVA==,200,248,1957
2023-03-14 12:18:03+00:00,1635616277724110852,U2lsaWNvbiBWYWxsZXkgaXMgaGlsYXJpb3VzbHkgcmVuYW1pbmcgYnVzaW5lc3NlcyBmbG9vZGVkIHdpdGggaHVuZHJlZHMgb2YgbWlsbGlvbnMgaW4gdmVudHVyZSBjYXBpdGFsIGFzIOKAnHNtYWxsIGJ1c2luZXNzZXMuIEFuZCB0aGV54oCZcmUgcGF3bi1pZnlpbmcg4oCcd29ya2Vyc+KAnSB0byBhcmd1ZSBmb3IgYmFpbG91dHMgZm9yIHRoZSB2ZW50dXJlIGNhcGl0YWxpc3QgY2xhc3MuIFRoYXQgZXhwbGFpbnMgdGhlaXIgc3VkZGVuIG5ld2ZvdW5kIGNvbmNlcm4gZm9yIOKAnEFtZXJpY2Fu4oCmIGh0dHBzOi8vdC5jby8wemdROFAxUTl5,120,787,4183
2023-03-14 12:10:26+00:00,1635614360923000833,VGhlIGRlZXBlciBwcm9ibGVtIGlzIHRoYXQgdGhlIEZlZGVyYWwgUmVzZXJ2ZSBoYXMgYmVlbiB0cnlpbmcgdG8gcGxheSBHb2QgZm9yIHRvbyBsb25nLiBFeGNlcHQgd2l0aCBhIGZhdCBmaW5nZXIuIEFzIFByZXNpZGVudCwgSeKAmWxsIHB1dCB0aGUgRmVkIGJhY2sgaW4gaXRzIHBsYWNlOiBmb2N1cyBleGNsdXNpdmVseSBvbiBtYWtpbmcgdGhlIGRvbGxhciBhIHN0YWJsZSB1bml0IG9mIG1lYXN1cmVtZW50LiBGdWxsIHN0b3AuIEl0J3MgdGltZSB0byByZWZvcm0gdGhlIEZlZC4gaHR0cHM6Ly90LmNvL1BSVGlBUnl4TG0=,54,158,890
2023-03-14 11:58:46+00:00,1635611423681159169,VGhlIHN1ZGRlbiBjb25jZXJuIGFtb25nIFNpbGljb24gVmFsbGV54oCZcyB2ZW50dXJlIGNhcGl0YWxpc3RzIGZvciDigJxBbWVyaWNhbiB3b3JrZXJz4oCdIHdhcyBleHBsYWluZWQgZW50aXJlbHkgYnkgdGhlaXIgbmVlZCBmb3IgYSBTdW5kYXkgbmlnaHQgZW1lcmdlbmN5IGJhaWxvdXQuIEZpbmFuY2lhbCBzZWxmLWludGVyZXN0IG1hc3F1ZXJhZGluZyBhcyBtb3JhbGl0eTogdGhlIHdvcnN0IGtpbmQgb2YgZGVtYWdvZ3Vlcnkgb2YgYWxsLg==,23,168,752
2023-03-14 11:31:23+00:00,1635604533526052864,RXZlcnkgR09QIGNhbmRpZGF0ZSBuZWVkcyBhIGNsZWFyIGFuc3dlciB0byBDQkRDczogaGVsbCBuby4=,34,154,783
2023-03-14 03:05:07+00:00,1635477128887017473,QSByYWRpY2FsIGlkZWE6IHVzZSB0aGUgVW5pdGVkIFN0YXRlcyBtaWxpdGFyeSB0byBwcm90ZWN0IHRoZSBVbml0ZWQgU3RhdGVzLg==,58,216,1659
2023-03-14 03:02:56+00:00,1635476577109647360,RmluYWxseSwgaXQncyBnb29kIHRvIHNlZSBhIHByb21pbmVudCBpbnZlc3RvciBzcGVhayB0cnV0aCBhYm91dCB0aGUgU1ZCIGRlcG9zaXRvciBiYWlsb3V0OgoK4oCcVGhlIFVTIGlzIHN1cHBvc2VkIHRvIGJlIGEgY2FwaXRhbGlzdCBlY29ub215LCBhbmQgdGhhdOKAmXMgYnJlYWtpbmcgZG93biBiZWZvcmUgb3VyIGV5ZXMuIgoKIlRoZXJl4oCZcyBiZWVuIGEgbG9zcyBvZiBmaW5hbmNpYWwgZGlzY2lwbGluZSB3aXRoIHRoZSBnb3Zlcm5tZW50IGh0dHBzOi8vdC5jby93VmNiWkJCZDJH4oCm,180,701,3336
2023-03-14 02:18:32+00:00,1635465406285488128,U2hvdWxkIHRlY2ggc3RhcnR1cHMgc2hvdWxkIGJlIGhlbGQgYWNjb3VudGFibGUgZm9yIHRoZWlyIGRpc2FzdHJvdXMgZGVjaXNpb25zIHRvIG92ZXItYmFuayB3aXRoIFNWQj8gWWVzLiBJdCBiZWNvbWVzIG9idmlvdXMgb25jZSB5b3UgbGVhcm4gdGhhdCBmb3VuZGVycyBlbmpveWVkIGFsbCBraW5kcyBvZiBzcGVjaWFsIGJlbmVmaXRzIGZyb20gU1ZCLCBmcm9tIHZlbnR1cmUgZGVidCB0byBwZXJzb25hbCBzZXJ2aWNlcywgdGhhdCB0aGUgZ2VuZXJhbCBwdWJsaWMgbmV2ZXIgd2lsbC4=,69,163,956
2023-03-14 02:08:05+00:00,1635462775592955905,UGVvcGxlIHdvbmRlciBhYm91dCB3aGF0IGZ1ZWxzIHBvcHVsaXNtPyBIZXJl4oCZcyB5b3VyIGFuc3dlci4gTGV04oCZcyBub3QgcGxheSBnYW1lcy4gaHR0cHM6Ly90LmNvL3YxbEtlS3poekI=,18,63,363
2023-03-14 01:41:25+00:00,1635456064324874241,SXTigJlzIGFtYXppbmcgaG93IG9mdGVuIHdlIHVzZWQgdG8gaGF2ZSBvcGVuIGNpdmlsIGRlYmF0ZSBpbiBBbWVyaWNhIHdoZW4gSSB3YXMgZ3Jvd2luZyB1cCAmYW1wOyBob3cgbGl0dGxlIHdlIGRvIGl0IGFueW1vcmUuIERpc2FncmVlbWVudCB3aXRob3V0IGRlbW9uaXphdGlvbi4gQERhdmlkU2Fja3MgYW5kIEkgaGFkIGEgbXVjaCBoaWdoLXF1YWxpdHkgaW50ZXJhY3Rpb24gaW4gbGl2ZSBjb252ZXJzYXRpb24gdGhhbiB3ZSBkaWQgb24gVHdpdHRlci4gV2hv4oCZZCBoYXZlIGV2ZXIgdGhvdWdodOKApg==,46,82,965
2023-03-14 01:31:27+00:00,1635453554679791619,SnVzdCBhcyB0aGUgMjAwOCBmaW5hbmNpYWwgY3Jpc2lzIGJpcnRoZWQgdGhlIEVTRy1pbmR1c3RyaWFsIGNvbXBsZXgsIHRoZSBuZXh0IG9uZSBjb3VsZCBzcGF3biB0aGUgZXJhIG9mIENCRENzLiBJIGhvcGUgbXkgcHJlZGljdGlvbiBhZ2VzIHBvb3JseSwgYnV0IEkgZmVhciB0aGF0IGl0IHdvbuKAmXQuIGh0dHBzOi8vdC5jby9kSVY0V25FV3ls,38,130,693
2023-03-14 01:30:53+00:00,1635453411289096193,SnVzdCBhcyB0aGUgMjAwOCBmaW5hbmNpYWwgY3Jpc2lzIGJpcnRoZWQgdGhlIEVTRy1pbmR1c3RyaWFsIGNvbXBsZXgsIHRoZSBuZXh0IG9uZSBjb3VsZCBzcGF3biB0aGUgZXJhIG9mIENCRENzLiBJIGhvcGUgbXkgcHJlZGljdGlvbiBhZ2VzIHBvb3JseSwgYnV0IEkgZmVhciB0aGF0IGl0IHdvbuKAmXQuIGh0dHBzOi8vdC5jby92R1E0aFVoenA0,9,89,378
2023-03-14 00:00:28+00:00,1635430659299631105,R29pbmcgb24gQFR1Y2tlckNhcmxzb24gbm93IHRvIHRhbGsgYWJvdXQgVGhlIFNpbGljb24gVmFsbGV5IEJhaWxvdXQu,73,61,882
2023-03-13 23:59:28+00:00,1635430405250637824,VGhlIGFyZ3VtZW50IGZvciBUaGUgU2lsaWNvbiBWYWxsZXkgQmFpbG91dCB3YXMgdGhhdCBpdOKAmWQgcHJldmVudCBjaGFvcyAmYW1wOyBwYW5pYy4gWWV0IEnigJltIG5vdCBzdXJlIGRlY2xhcmluZyBhbiBlbWVyZ2VuY3kgb24gYSBTdW5kYXkgbmlnaHQgdG8gZGVzaWduYXRlIGEgbm9uLXN5c3RlbWljYWxseSBpbXBvcnRhbnQgYmFuayB0byBiZSDigJxzeXN0ZW1pY2FsbHkgaW1wb3J0YW504oCdIGFuZCB0aGVuIG9mZmVyIHNwZWNpYWwgdHJlYXRtZW50IHRvIGl0cyB0ZWNoIGNvbXBhbnkgY2xpZW50cyBpc+KApg==,138,715,4562
2023-03-13 23:38:21+00:00,1635425090786435078,SXTigJlzIGEgYmFpbG91dCwgcHVyZSBhbmQgc2ltcGxlLiBGb3IgeWVhcnMsIFNWQiBhbmQgaXRzIGNyb25pZXMgbG9iYmllZCBmb3IgbG9vc2VyIHJpc2sgbGltaXRzIGJ5IGFyZ3VpbmcgdGhhdCBpdHMgZmFpbHVyZSB3b3VsZG7igJl0IGNyZWF0ZSDigJxzeXN0ZW1pYyByaXNr4oCdIGFuZCB3b3VsZG7igJl0IG5lZWQgc3BlY2lhbCBpbnRlcnZlbnRpb24gYnkgdGhlIFUuUy4gZ292ZXJubWVudC4gWWVsbGVu4oCZcyBhbm5vdW5jZW1lbnQgZXhwb3NlcyB0aGF0IGFzIHRoZSBmYXJjZSBpdCBpcy4gaHR0cHM6Ly90LmNvL2pPU09LZFNIdGg=,32,243,1001
2023-03-13 23:23:24+00:00,1635421331591401473,U1ZCIHdhcyBzdXJlIHRvIGtpc3MgdXAgdG8gdGhlIEJpZGVuIEFkbWluIGJlZm9yZSBUaGUgU2lsaWNvbiBWYWxsZXkgQmFpbG91dCB3aXRoIG92ZXItdGhlLXRvcCBFU0cgY29tbWl0bWVudHMsIGluY2x1ZGluZyBhIHN0YWdnZXJpbmcgKiQ1IGJpbGxpb24qIHRvIOKAnFN1c3RhaW5hYmxlIEZpbmFuY2XigJ0gYW5kIOKAnENhcmJvbiBOZXV0cmFsIE9wZXJhdGlvbnMu4oCdIGh0dHBzOi8vdC5jby93Zk1sUWJta3E2,27,125,533
2023-03-13 23:22:10+00:00,1635421019149312000,VGhlIFNpbGljb24gVmFsbGV5IEJhaWxvdXQuIFRoYXTigJlzIHdoYXQgdGhpcyBzaG91bGQgYmUgY2FsbGVkLiBJdCB3YXNu4oCZdCBzdHJpY3RseSBhIGJhaWxvdXQgb2YgU1ZCLiBJdCB3YXMgYSBiYWlsb3V0IG9mIHRoZSAqdGVjaCBjb21wYW5pZXMqIHdobyBtYWRlIHJlY2tsZXNzIGZpbmFuY2lhbCBkZWNpc2lvbnMgYnkgZGVwb3NpdGluZyB3YXkgdG9vIG11Y2ggJCQgYXQgU1ZCLiBJZiB5b3Ugd29uZGVyIHdoYXQgZnVlbHMgcG9wdWxpc20sIG5vdyB5b3Uga25vdzogaXTigJlzIGp1c3RpZmllZA==,244,745,3956
2023-03-13 22:39:33+00:00,1635410296356626432,TWVyaXQuIFRydXRoLiBGcmVlIHNwZWVjaC4gQWNjb3VudGFiaWxpdHkuIEkgYmVsaWV2ZSBkZWVwIGluIG15IGJvbmVzIHRoZXNlIGlkZWFscyBzdGlsbCBleGlzdCwgYW5kIEkgYW0gcnVubmluZyBmb3IgUHJlc2lkZW50IHRvIHJldml2ZSB0aGVtLiBodHRwczovL3QuY28vTGNEQjA0aVBEbyBodHRwczovL3QuY28vMlN6VU5XbmpyNg==,33,141,1082
2023-03-13 22:28:15+00:00,1635407450420699137,VGhlIGZlZGVyYWwgZ292ZXJubWVudCBqdXN0IHNlbnQgYSBjbGVhciBtZXNzYWdlIHRvIHRoZSBBbWVyaWNhbiBwZW9wbGU6IHRoZXJlIGFyZSBhbHRlcm5hdGl2ZSBydWxlcyBpZiB5b3UgYXJlIHBhcnQgb2YgdGhlIGZhdm9yZWQgY2xhc3MuIEJhaWxvdXRzIGZvciBtZSwgYnV0IG5vdCBmb3IgdGhlZS4gaHR0cHM6Ly90LmNvL2ZJdjhKcFRTTzA=,99,429,1861
2023-03-13 22:24:16+00:00,1635406447600173056,VGhhdOKAmXMgY3JvbnkgY2FwaXRhbGlzbSAtIGNoYW5naW5nIHRoZSBydWxlcyBhZnRlciB0aGUgZmFjdCB0byBoZWxwIGEgc2VsZWN0IGZldy4gSeKAmWxsIGJldCB0aGUgcGVvcGxlIGluIG15IGhvbWUgc3RhdGUgb2YgT2hpbyAtIGluIEVhc3QgUGFsZXN0aW5lIC0gd291bGQgcmlnaHRmdWxseSBhc2sg4oCcd2hlcmXigJlzIG1pbmU/4oCdIGh0dHBzOi8vdC5jby9zOWhPTHljenhL,45,155,645
2023-03-13 21:51:21+00:00,1635398165112209408,VGhleSBwcm9jbGFpbWVkIHRoYXQgaXQgd2FzIGFib3V0IG1ha2luZyBzdXJlIHdvcmtlcnMgYXQgdGhlIHRlY2ggc3RhcnR1cHMgd2VyZW7igJl0IGhhcm1lZC4gQnV0IHRoYXTigJlzIG1vc3RseSBib2d1cywgc2luY2UgbW9zdCBjb21wYW5pZXPigJkgYnVzaW5lc3MgbW9kZWxzIGFyZSB0aGUgc2FtZSB0b2RheSBhcyB0aGV5IHdlcmUgYSB3ZWVrIGFnby4gVGhlcmUncyBubyBiYXNpcyBmb3IgYSBiYWlsb3V0LCBzbyB0aGV5IHBpbm5lZCBpdCB0byBBbWVyaWNhbiB3b3JrZXJzIGluc3RlYWQuIGh0dHBzOi8vdC5jby9JUEFjb1NsdTRV,76,323,1931
2023-03-13 21:14:26+00:00,1635388873931907079,V2hhdCBtYWtlcyB0aGUgRVNHIGlzc3VlIHNvIGNvbXBsZXggaXMgdGhhdCBwcm9ncmVzc2l2ZXMgd2hvIHdlcmUgb25jZSBob3N0aWxlIHRvIGNhcGl0YWxpc20gYXJlIG5vdyB1c2luZyBpdCBhcyBhIHRvb2wgdG8gdG8gYWNjb21wbGlzaCB0aHJvdWdoIOKAnHRoZSBtYXJrZXTigJ0gd2hhdCB0aGV5IGNvdWxkbuKAmXQgZG8gdGhyb3VnaCBsYXdtYWtpbmcuIFJlcHVibGljYW5zIG5lZWQgdG8gdW5kZXJzdGFuZCB0aGlzIGlzc3VlICpkZWVwbHkqIHRvIGFkZHJlc3MgaXQuIGh0dHBzOi8vdC5jby95eWlyaU5PZkpv,30,244,887
2023-03-13 21:11:01+00:00,1635388014020169728,VGhpcyBpc27igJl0IGEgYmFpbG91dCBvZiBTaWxpY29uIFZhbGxleSBCYW5rLiBJdOKAmXMgYSBiYWlsb3V0IG9mICpTaWxpY29uIFZhbGxleSogaXRzZWxmLiBJdOKAmXMganVzdCBub3QgcmlnaHQgdGhhdCB0ZWNoIHN0YXJ0dXBzIHdobyBmaW5hbmNpYWxseSBtaXNtYW5hZ2VkIGNvdW50ZXJwYXJ0eSByaXNrIGhhdmUgbm8gYWNjb3VudGFiaWxpdHkuIElmIHRoZSAkMjUwayBGRElDIGNhcCBpcyBmYWtlLCB0aGVuIHdoeSBub3QgbGV0IGV2ZXJ5ZGF5IEFtZXJpY2FucyBpbiBvbiB0aGUgam9rZT8=,72,396,1537
2023-03-13 19:54:21+00:00,1635368721178050560,U1ZC4oCZcyBFU0cgcmVwb3J0IGxpc3RzIGEgbGl0YW55IG9mIOKAnGNyb3NzLWZ1bmN0aW9uIHdvcmtpbmcgZ3JvdXBzLOKAnSBpbmNsdWRpbmcgYSDigJxTdXN0YWluYWJsZSBGaW5hbmNlIEdyb3Vw4oCdIHRoYXQgbW9uaXRvcnMgcHJvZ3Jlc3MgYWdhaW5zdCBTVkLigJlzIENsaW1hdGUgQ29tbWl0bWVudCAmYW1wOyBtb25pdG9ycyAib3BlcmF0aW9uYWwgZ3JlZW5ob3VzZSBnYXMgcmVkdWN0aW9uIGluaXRpYXRpdmVzLuKAnSBUYXhwYXllcnMgc2hvdWxkbuKAmXQgdmluZGljYXRlIFNWQuKAmXMgcG9saXRpY2FsIGh1YnJpcy4gaHR0cHM6Ly90LmNvL2Rja25mV1dtNTE=,59,331,1196
2023-03-13 19:20:26+00:00,1635360185274232842,V2UgYXJlIGxlYWRpbmcgdGhpcyByYWNlIHdpdGggYWN0dWFsICpzb2x1dGlvbnMuKiBJ4oCZbSB0aGUgb25seSBvbmUgdG8gY29tbWl0IHRvIGVuZCBhZmZpcm1hdGl2ZSBhY3Rpb24sIGFiYW5kb24gY2xpbWF0ZSByZWxpZ2lvbiwgJmFtcDsgdXNlIG91ciBtaWxpdGFyeSB0byBkZWNpbWF0ZSB0aGUgY2FydGVscyBhbmQgZmluYWxseSBzZWN1cmUgb3VyIGJvcmRlci4gSeKAmXZlIGNvbW1pdHRlZCB0byBzaHV0IGRvd24gdGhlIEZCSSwgYW5kIEnigJltIGdsYWQgdGhlIG90aGVyIGNhbmRpZGF0ZXMgYXJl4oCmIGh0dHBzOi8vdC5jby90amRxV3lnUlNM,33,103,969
2023-03-13 19:02:21+00:00,1635355634806784001,VW5sZWFzaCB0aGUgQW1lcmljYW4gZWNvbm9teS4gRW5kIHRoZSBjbGltYXRlIGN1bHQuIFJlc3RvcmUgQW1lcmljYW4gZXhjZWxsZW5jZS4gU3RvcCB0aGUgY3VsdHVyZSBvZiBhcG9sb2d5LiBodHRwczovL3QuY28vSEJTZWxac3hrcw==,73,233,1271
2023-03-13 17:26:05+00:00,1635331410700701696,VGhpcyBpc27igJl0IGp1c3QgYSBwb2xpdGljYWwgY2FtcGFpZ24sIGJ1dCBhIGN1bHR1cmFsIG1vdmVtZW50LiBIZWxwIGdldCB0aGVzZSBpZGVhcyBhIHByaW1lIHNwb3Qgb24gdGhlIGRlYmF0ZSBzdGFnZSBodHRwczovL3QuY28vTGNEQjA0aVBEbyBodHRwczovL3QuY28vM013UERkZjFxaQ==,30,80,580
2023-03-13 16:37:30+00:00,1635319181964111872,SW4gMjAwOCwgR29sZG1hbiBtYXN0ZXJlZCB0aGUgYXJ0IG9mIGNyb255IGNhcGl0YWxpc206IHBheSB1cCBmb3IgZ292ZXJubWVudCBwcm90ZWN0aW9uICZhbXA7IGdldCBiYWlsZWQgb3V0IHdoZW4geW91IG5lZWQgaXQgbW9zdC4gU2lsaWNvbiBWYWxsZXkgaXMgbm93IHByYWN0aWNpbmcgYSBkaWV0IHZlcnNpb24gb2YgdGhlIHNhbWUgZ2FtZS4gaHR0cHM6Ly90LmNvL1JyRlExeFdzNEo=,33,131,539
2023-03-13 15:55:39+00:00,1635308651450695682,VGhlIGRlZXBlciBwcm9ibGVtIGlzIHRoYXQgdGhlIEZlZCBoYXMgYmVlbiB0cnlpbmcgdG8gcGxheSBHb2QgZm9yIHRvbyBsb25nLCBleGNlcHQgd2l0aCBhIGZhdCBmaW5nZXIuIEFzIFByZXNpZGVudCBJ4oCZbGwgcHV0IHRoZSBGZWQgYmFjayBpbiBpdHMgcGxhY2U6IGZvY3VzIGV4Y2x1c2l2ZWx5IG9uIG1ha2luZyB0aGUgZG9sbGFyIGEgc3RhYmxlIHVuaXQgb2YgbWVhc3VyZW1lbnQuIFBlcmlvZC4gVGhhdOKAmXMgdGhlIDFzdCBwaWxsYXIgdG8gdW5sb2NraW5nIEdEUCBncm93dGguIGh0dHBzOi8vdC5jby90SWVTTkhOaHAx,36,115,675
2023-03-13 15:24:23+00:00,1635300783292915712,VGhlIHF1ZXN0aW9uIG9mIGhvdyB0byB0cmVhdCBTVkIgdW5pbnN1cmVkIGRlcG9zaXRvcnMgJmFtcDsgaG93IHRvIHByZXZlbnQgYSBydW4gb24gb3RoZXIgYmFua3MgYXJlIHR3byBzZXBhcmF0ZSBxdWVzdGlvbnMuIEJ1dCB0aGVyZeKAmXMgYSBsb3Qgb2Ygc2VsZi1pbnRlcmVzdGVkIGZvbGtzIGluIFNpbGljb24gVmFsbGV5IHRyeWluZyB0byBjb25mbGF0ZSB0aGUgdHdvLiBodHRwczovL3QuY28vSVE0bGxQWlVWVg==,16,71,320
2023-03-13 15:24:03+00:00,1635300696160620545,VGhlIHJlc3Qgb2YgdGhlIEdPUCBmaWVsZCBuZWVkcyB0byBiZSBjbGVhciB3aGVyZSB0aGV5IHN0YW5kIG9uIHRoaXMu,15,70,449
2023-03-13 15:20:29+00:00,1635299800462786560,VGhpcyBpcyB0aGUgRGVjbGFyYXRpb24gb2YgSW5kZXBlbmRlbmNlIHRoYXQgVGhvbWFzIEplZmZlcnNvbiB3b3VsZCBzaWduIGlmIGhlIHdlcmUgYWxpdmUgdG9kYXkuIEnigJlsbCBkbyBpdCBhcyB0aGUgbmV4dCBVLlMuIFByZXNpZGVudCBpZiBlbGVjdGVkLg==,18,40,266
2023-03-13 14:52:37+00:00,1635292789457158144,VGhlcmUgaXMgbm8ganVzdGljZSB3aXRob3V0IGFjY291bnRhYmlsaXR5Lg==,25,148,735
2023-03-13 14:29:37+00:00,1635286999417647108,SWYgeW91IHdhbnQgdG8gcmFpc2UgdGhlIEZESUMgZGVwb3NpdCBpbnN1cmFuY2UgbGltaXQgYWJvdmUgJDI1MGssIHRoZW4gZG8gaXQgcHJvc3BlY3RpdmVseSBmb3IgKmFsbCogQW1lcmljYW5zLiBEb27igJl0IHJldHJvYWN0aXZlbHkgY2hhbmdlIHJ1bGVzIG9uIHRoZSBmbHkgYWZ0ZXIsIGVzcGVjaWFsbHkgZm9yIFNWQiB3aGljaCBpdHNlbGYgbG9iYmllZCBmb3IgeWVhcnMgZm9yIGxvb3NlIHJpc2sgbGltaXRzIGNsYWltaW5nIGl0IHdhc27igJl0IOKAnHN5c3RlbWljYWxseSBpbXBvcnRhbnQu4oCdIGh0dHBzOi8vdC5jby9iUHE3TDBBejRN,77,340,1494
2023-03-13 14:05:59+00:00,1635281052959903746,SXTigJlzIHRydWUgZm9yIFJlcHVibGljYW5zICZhbXA7IERlbW9jcmF0cyBhbGlrZSwgd2hldGhlciB5b3XigJlyZSBARGF2aWRTYWNrcyBvciBAUm9LaGFubmE6IHNlbGYtaW50ZXJlc3QgY29tZXMgZmlyc3QuIFRoZXnigJlyZSBnb29kIGh1bWFuIGJlaW5ncywgYnV0IHBlb3BsZSBuZWVkIHRvIHVuZGVyc3RhbmQgd2hhdCB0aGV5IHNheSB0aHJvdWdoIHRoaXMgcHJpc20u,20,64,430
2023-03-13 14:03:47+00:00,1635280500167430151,WW91IGNhbiBvbmx5IGJlIGFuIG91dHNpZGVyIG9uY2UuIEkgd2lsbCBkbyB3aGF0IHRoZSBvdGhlciBHT1AgY2FuZGlkYXRlcyBhcHBlYXIgYWZyYWlkIHRvIGV2ZW4gc2F5LiBFbmQgYWZmaXJtYXRpdmUgYWN0aW9uLiBBYmFuZG9uIHRoZSBjbGltYXRlIGN1bHQuIFVzZSBtaWxpdGFyeSBmb3JjZSB0byBzZWN1cmUgdGhlIGJvcmRlciBhbmQgYW5uaWhpbGF0ZSB0aGUgZHJ1ZyBjYXJ0ZWxzLiBNdWNoIG1vcmUuIGh0dHBzOi8vdC5jby95OXBoS3pGODFG,64,223,1595
2023-03-13 14:03:21+00:00,1635280390339596292,SWYgeW91IHdhbnQgdG8gcmFpc2UgdGhlIEZESUMgZGVwb3NpdCBpbnN1cmFuY2UgbGltaXQgYWJvdmUgJDI1MGssIHRoZW4gZG8gaXQgcHJvc3BlY3RpdmVseSBmb3IgKmFsbCogQW1lcmljYW5zLiBCdXQgZG9u4oCZdCByZXRyb2FjdGl2ZWx5IGNoYW5nZSB0aGUgcnVsZXMgb24gdGhlIGZseSBhZnRlciB0aGUgZmFjdCwgZXNwZWNpYWxseSBmb3IgU1ZCIHdoaWNoIGl0c2VsZiBsb2JiaWVkIGZvciB5ZWFycyBmb3IgbG9vc2UgcmlzayBsaW1pdHMgY2xhaW1pbmcgaXQgd2FzbuKAmXTigKYgaHR0cHM6Ly90LmNvL3dkclBGYWFuMVQ=,92,578,3610
2023-03-13 14:02:44+00:00,1635280234802200576,SeKAmWQgYmUgZ2xhZCBpZiB0aGUgcmVzdCBvZiB0aGUgR09QIGp1bXBzIG9uIHRoZSB0cmFpbiBhbmQgc3BlYWtzIHRydXRoLiBCdXQgSeKAmWxsIHNwZWFrIGZyb20gZmlyc3RoYW5kIG9ic2VydmF0aW9uOiBtYW55IGFyZSBjYXB0dXJlZCBieSB0aGUgc2FtZSBTaWxpY29uIFZhbGxleSBjYXJ0ZWwu,15,46,383
2023-03-13 14:00:48+00:00,1635279749416366081,VGhpcyBpcyBhIGZvcm1lciBGRElDIGNhcGl0YWwgbWFya2V0cyByZWd1bGF0b3IgZHVyaW5nIHRoZSAyMDA4IGZpbmFuY2lhbCBjcmlzaXMgd2hvIGFncmVlcyB3aG9sZWhlYXJ0ZWRseSB3aXRoIG1lLiBLdWRvcyB0byBoaW0gZm9yIHNwZWFraW5nIHdpdGhvdXQgZmVhci4=,18,76,497
2023-03-13 13:00:47+00:00,1635264644813307909,RXhhY3RseS4gTXkgIzEgY3JpdGljaXNtIG9mIHNlbGYtcHJvY2xhaW1lZCBsaWJlcnRhcmlhbnMgaXMgdGhhdCB0aGV5IGdvIGhpZGUgaW4gYSBjYXZlIHByZWNpc2VseSB3aGVuIHRoZXkgc2hvdWxkIHN0YW5kIHVwIGZvciB0aGVpciBwcmluY2lwbGVzLg==,52,58,559
2023-03-13 12:43:32+00:00,1635260303666728961,VGhlIGlkZWEgdGhhdCB0aGUgYmFpbG91dCB3YXMgdG8g4oCcaGVscCB0aGUgd29ya2Vyc+KAnSBhdCB0ZWNoIHN0YXJ0dXBzIGlzIGJvZ3VzLiBWZW50dXJlIGludmVzdG9ycyBjb3VsZCBlYXNpbHkgaW5mdXNlICpmcmVzaCBlcXVpdHkgY2FwaXRhbCogdG8gbWFrZSB1cCBmb3IgYW55IGJhbGFuY2Utc2hlZXQgbG9zc2VzLiBZZXMsIHRoYXQgaW52b2x2ZXMgcGFpbmZ1bCBlcXVpdHkgZGlsdXRpb24gZm9yIGZvdW5kZXJzIGFuZCBWQ3MuIEJ1dCB0aGF0IGRvZXNu4oCZdCBqdXN0aWZ5IGEgYmFpbG91dA==,166,603,3753
2023-01-07 21:32:48+00:00,1611838284707278849,TWFraW5nIG15IHdheSB0aHJvdWdoIEt3YW1lIEFudGhvbnkgQXBwaWFo4oCZcyDigJxUaGUgRXRoaWNzIG9mIElkZW50aXR5LuKAnSBFdmVyeSBBbWVyaWNhbiBzaG91bGQgcmVhZCBpdC4gSSBiZWxpZXZlIHJpZ2h0cyBhdHRhY2ggdG8gaW5kaXZpZHVhbHMsIG5vdCBncm91cHMuIEJ1dCBpdOKAmXMgaGVscGZ1bCB0byByZWFkIHRob3VnaHRmdWwgYXJndW1lbnRzIG9uIHRoZSBvdGhlciBzaWRlLiBJIG5vdyBoYXZlIGV2ZW4gbW9yZSBjb252aWN0aW9uIGluIHdoeSBJIGJlbGlldmUgd2hhdCBJIGRvLg==,10,30,316
2023-01-06 00:49:49+00:00,1611163090405687298,VGhpcyBpcyBob3cgdGhlIEdyZWF0IFVwcmlzaW5nIGRlZmVhdHMgdGhlIEdyZWF0IFJlc2V0IC0gbm90IGJ5IGZvcmNlLCBidXQgd2l0aCBrbm93bGVkZ2UuIGh0dHBzOi8vdC5jby92RHZ1RFp3RXFD,10,160,711
2023-01-05 22:59:54+00:00,1611135430099111937,QXBwbGUgJmFtcDsgSG9tZSBEZXBvdCBkaWRu4oCZdCB3YW50IHRvIGFkb3B0IHJhY2lhbCBlcXVpdHkgYXVkaXRzLCB1bnRpbCBCbGFja1JvY2sgdm90ZWQgdG8gaW1wb3NlIHJhY2lhbCBlcXVpdHkgYXVkaXRzIG9uIGJvdGggY29tcGFuaWVzLiBUaGV5IHVzZWQgdGhlIHJldGlyZW1lbnQgZnVuZHMgb2YgZXZlcnlkYXkgY2l0aXplbnMgdG8gZG8gaXQuIE1heWJlIHlvdXJzLiBodHRwczovL3QuY28vN2VDSkZ4R0J0cA==,44,625,1898
2023-01-05 20:04:44+00:00,1611091346399322148,SG9tZXdvcmsgYXNzaWdubWVudCBmb3IgZXZlcnkgQW1lcmljYW46IGFzayB5b3VyIHdlYWx0aCBtYW5hZ2VyICZhbXA7IDQwMWsgcHJvdmlkZXIgaWYgeW91ciBtb25leSB3YXMgdXNlZCB0byB2b3RlIGZvciBhIOKAnHJhY2lhbCBlcXVpdHkgYXVkaXTigJ0gbGFzdCB5ZWFyLiBUaGV54oCZbGwgcHJvYmFibHkgc2F5IHRoZXkgZG9u4oCZdCBrbm93LiBXZWxsLCB0ZWxsIHRoZW0gdG8gZmluZCBvdXQgb3IgZWxzZSB5b3XigJlsbCBmaXJlIHRoZW0sIGFuZCB5b3UgbWF5IGJlIGluIGZvciBhIHJ1ZGUgc3VycHJpc2UuIGh0dHBzOi8vdC5jby85RWxQSW91empX,24,171,745
2023-01-05 16:45:07+00:00,1611041110347993089,Rm9yIHllYXJzIHRoZSBtZWRpYSBiZW1vYW5lZCBUcnVtcOKAmXMgY2hva2Vob2xkIG92ZXIgdGhlIEdPUCBhbmQgdGhlIGFic2VuY2Ugb2Ygb3BlbiBkZWJhdGUuIFlldCBub3cgdGhhdCByZWFsIGRlYmF0ZSBpcyBhY3R1YWxseSBoYXBwZW5pbmcsIGV2ZXJ5b25lIGlzIGZyZWFraW5nIG91dC4gSSBwcmVkaWN0IHRoZSBvbmdvaW5nIHBvd2VyIHN0cnVnZ2xlIGluIHRoZSBHT1Agd2lsbCBiZSBnb29kIGZvciB0aGUgcGFydHkgJmFtcDsgZ29vZCBmb3IgdGhlIG5hdGlvbiBvdmVyIHRoZSBsb25nIHJ1bg==,94,381,2803
2023-01-05 15:00:05+00:00,1611014681493209088,SXTigJlzIG5vdCBibGFjayB2cy4gd2hpdGUuIEl04oCZcyBub3QgZXZlbiBSIHZzLiBELiAKCkl04oCZcyB0aGUgbWFuYWdlcmlhbCBjbGFzcyB2cy4gdGhlIGV2ZXJ5ZGF5IGNpdGl6ZW4uIEl04oCZcyB0aGUgR3JlYXQgUmVzZXQgdnMuIHRoZSBHcmVhdCBVcHJpc2luZy4KCk9wZW4geW91ciBleWVzIGFuZCB5b3XigJlsbCBzZWUgaXQgaW4gdGhlIHByaXZhdGUgc2VjdG9yLCB0aGUgZ292ZXJubWVudCwgJmFtcDsgZXZlcnl3aGVyZSBpbiBiZXR3ZWVuLiBUaW1lIHRvIHdha2UgdXAgZm9sa3Mu,517,4667,20948
2023-01-05 12:56:16+00:00,1610983521987837953,SXTigJlzIHRoZSB6ZWl0Z2Vpc3Qgb2Ygb3VyIG1vbWVudC4gRW50aXRsZW1lbnQgYnJlZWRzIGxhemluZXNzLiBMYXppbmVzcyBicmVlZHMgdmljdGltaG9vZC4gQW5kIG5vdyBjb21wYW5pZXMgYXJlIHRyeWluZyB0byBjYXBpdGFsaXplIG9uIGl0LiBodHRwczovL3QuY28vRGt3S2V0TWk0Rw==,47,108,731
2023-01-05 02:25:13+00:00,1610824712262754305,VGhlIEJpZyAzIGNvbnRyb2xzIG5lYXJseSBhcyBtdWNoIGNhcGl0YWwgYXMgdGhlIFVTIEdEUCwgeWV0IHRoZXkgdXNlIHRoZSBtb25leSBvZiBldmVyeWRheSBjaXRpemVucyB0byBpbXBvc2UgYSBzaW5nbGUgbW9ub2xpdGhpYyB2aWV3IG9uIGNvcnBvcmF0ZSBBbWVyaWNhIC10aGF0IG1vc3QgY2l0aXplbnMgZGlzYWdyZWUgd2l0aC4gSXTigJlzIHRoZSBiaWdnZXN0IGZpZHVjaWFyeSBicmVhY2ggb2Ygb3VyIGNlbnR1cnkuIEkgbGF1bmNoZWQgU3RyaXZlIHRvIGZpeCB0aGF0IHByb2JsZW0uIGh0dHBzOi8vdC5jby9ETVpNV1NZcEJ4,32,324,1631
2023-01-04 15:09:40+00:00,1610654703381012480,VGhlIENDUCBidWlsZHMgYSBHcmVhdCBXYWxsIHRvIGJsb2NrIGNvbXBhbmllcyB3aG8gY3JpdGljaXplIENoaW5hIGJ1dCB0aGV5IHJvbGwgb3V0IHRoZSByZWQgY2FycGV0IGZvciB0aG9zZSB3aG8gY3JpdGljaXplIHRoZSBVUy4gCsKgCkNoaW5hIGtub3dzIHRoaXMgdW5kZXJtaW5lcyBvdXIgZ3JlYXRlc3QgZ2VvcG9saXRpY2FsIGFzc2V0IG9mIGFsbDogQW1lcmljYeKAmXMgbW9yYWwgc3RhbmRpbmcgb24gdGhlIGdsb2JhbCBzdGFnZS4gQW5kIGl04oCZcyB3b3JraW5nLiBodHRwczovL3QuY28vb2JrQUJzN1oxZA==,35,173,873
2023-01-03 00:09:13+00:00,1610065708548759554,VW5saWtlIHRoZSBDQ1AgdG9kYXksIHRoZSBVU1NSIGRpZG7igJl0IHN1cHBseSB0aGUgc2hvZXMgb24gb3VyIGZlZXQgJmFtcDsgdGhlIHBob25lcyBpbiBvdXIgcG9ja2V0cy4gQ2hpbmHigJlzIGVjb25vbWljICZhbXA7IG1pbGl0YXJ5IHBvbGljaWVzIGFyZSB0d28gc2lkZXMgb2YgdGhlIHNhbWUgY29pbi4gV2UgbmVlZCB0byB3YWtlIHVwIHRvIHRoYXQuIGh0dHBzOi8vdC5jby9xRmF2azFhNzFq,37,224,1037
2023-01-02 23:16:24+00:00,1610052416640253952,VGhlIHRvcCBzaGFyZWhvbGRlcnMgb2YgQFBlcHNpQ28gYXJlIFZhbmd1YXJkLCBCbGFja1JvY2ssIGFuZCBTdGF0ZSBTdHJlZXQuIFRoZXkgYXJlIGFsc28gMyBvZiB0aGUgdG9wIDQgc2hhcmVob2xkZXJzIG9mIEBDb2NhQ29sYS4gVGhpcyBoZWxwcyBleHBsYWlucyB3aHkg4oCcbWFya2V0IGNvbXBldGl0b3Jz4oCdIGluIHRoZSBVLlMuIGVjb25vbXkgYmVoYXZlIGxpa2UgdGhleeKAmXJlIHBhcnQgb2YgYSBiaWcgRVNHLWxpbmtlZCBpZGVvbG9naWNhbCBjYXJ0ZWwgLSBiZWNhdXNlIHRoZXkgYXJlLg==,41,432,1861
2023-01-02 20:17:53+00:00,1610007492318355456,Q2hpbmEgaXMgZG9pbmcgdG8gdGhlIFUuUy4gd2hhdCBHcmVlY2UgZGlkIHRvIFRyb3kuIFRoZXkgZ2F2ZSB1cyB0aGUgZ2lmdCB0aGV5IGtuZXcgd2UgY291bGQgbm90IHJlc2lzdDogYWNjZXNzIHRvIHRoZWlyIG1hcmtldCB1bmRlciB0aGUgZ3Vpc2Ugb2YgZ2xvYmFsIOKAnGNhcGl0YWxpc23igJ0uIE5vdyBVLlMuIGNvbXBhbmllcyBhcmUgdGhlaXIgVHJvamFuIEhvcnNlcyBhbmQgdGhleSBhcmUgc2xvd2x5IGJ1cm5pbmcgdXMgZnJvbSB3aXRoaW4uIGh0dHBzOi8vdC5jby94bEdJb001ZXRO,37,309,1232
2023-01-02 00:30:02+00:00,1609708560887451649,R29hbCBmb3IgMjAyMzogcmV2aXZlIEFtZXJpY2FuIG5hdGlvbmFsIGlkZW50aXR5LiBFeGNlbGxlbmNlIG92ZXIgZ3JpZXZhbmNlLiBXb27igJl0IGJlIGVhc3ksIGJ1dCB0aGF04oCZcyB3aHkgd2XigJl2ZSBnb3R0YSBkbyBpdC4=,62,268,2263
2023-01-01 20:21:02+00:00,1609645898404958209,V2hlbiB5b3VyIHJhY2UgZ29lcyBmcm9tIGJlaW5nIGFib3V0IHlvdXIgc2tpbiBjb2xvciB0byB5b3VyIHZpZXdzLCBhbnkgZGlzYWdyZWVtZW50IHdpdGggY2VydGFpbiB2aWV3cyBhdXRvbWF0aWNhbGx5IG1ha2VzIHlvdSBhIOKAnHJhY2lzdC7igJ0gQW5kIHRoZXJlIGlzIG5vIGdyZWF0ZXIgZGFtbmF0aW9uIGluIG1vZGVybiBBbWVyaWNhIHRoYW4gdG8gYmUgY2FsbGVkIGEgcmFjaXN0LiBodHRwczovL3QuY28vVDdJWmVPNU1hWQ==,93,380,2169
